iter_end,module,count,total_ms,mean_ms,min_ms,max_ms
10,attn,360,277.7283,0.7715,0.7137,13.6131
10,attn_kernel,360,230.5976,0.6405,0.6195,1.0230
10,down_proj,360,22.0887,0.0614,0.0584,0.1075
10,gate_up_proj,360,37.4252,0.1040,0.1014,0.2836
10,mlp,360,67.8666,0.1885,0.1843,0.5294
10,o_proj,360,26.0055,0.0722,0.0358,12.4631
10,qkv_proj,360,14.6268,0.0406,0.0379,0.0778
20,attn,360,264.6067,0.7350,0.7137,1.0629
20,attn_kernel,360,229.9709,0.6388,0.6205,0.9206
20,down_proj,360,22.0150,0.0612,0.0594,0.0635
20,gate_up_proj,360,37.2705,0.1035,0.1004,0.1085
20,mlp,360,67.5400,0.1876,0.1833,0.1925
20,o_proj,360,13.5567,0.0377,0.0369,0.0399
20,qkv_proj,360,14.6207,0.0406,0.0379,0.0768
30,attn,360,264.9477,0.7360,0.7158,1.0701
30,attn_kernel,360,230.3293,0.6398,0.6216,0.9318
30,down_proj,360,22.0549,0.0613,0.0594,0.0635
30,gate_up_proj,360,37.2531,0.1035,0.1014,0.1075
30,mlp,360,67.5379,0.1876,0.1843,0.1925
30,o_proj,360,13.5885,0.0377,0.0358,0.0399
30,qkv_proj,360,14.6299,0.0406,0.0379,0.0717
40,attn,360,264.9272,0.7359,0.7127,1.1059
40,attn_kernel,360,230.3048,0.6397,0.6195,0.9574
40,down_proj,360,22.0365,0.0612,0.0594,0.0635
40,gate_up_proj,360,37.2531,0.1035,0.1014,0.1085
40,mlp,360,67.5215,0.1876,0.1843,0.1925
40,o_proj,360,13.5772,0.0377,0.0358,0.0399
40,qkv_proj,360,14.6278,0.0406,0.0379,0.0748
50,attn,360,265.9953,0.7389,0.7188,1.1233
50,attn_kernel,360,231.2028,0.6422,0.6246,0.9800
50,down_proj,360,22.0559,0.0613,0.0594,0.0635
50,gate_up_proj,360,37.2675,0.1035,0.1014,0.1085
50,mlp,360,67.5420,0.1876,0.1843,0.1925
50,o_proj,360,13.7431,0.0382,0.0358,0.2079
50,qkv_proj,360,14.6145,0.0406,0.0379,0.0758
60,attn,360,266.2461,0.7396,0.7199,1.0547
60,attn_kernel,360,231.6308,0.6434,0.6246,0.9144
60,down_proj,360,22.0375,0.0612,0.0594,0.0635
60,gate_up_proj,360,37.2152,0.1034,0.1014,0.1075
60,mlp,360,67.4888,0.1875,0.1843,0.1925
60,o_proj,360,13.5711,0.0377,0.0369,0.0399
60,qkv_proj,360,14.6237,0.0406,0.0379,0.0707
70,attn,360,266.3301,0.7398,0.7199,1.0578
70,attn_kernel,360,231.7312,0.6437,0.6257,0.9185
70,down_proj,360,22.1645,0.0616,0.0594,0.2028
70,gate_up_proj,360,37.2613,0.1035,0.1014,0.1075
70,mlp,360,67.6547,0.1879,0.1843,0.3277
70,o_proj,360,13.5823,0.0377,0.0369,0.0399
70,qkv_proj,360,14.6227,0.0406,0.0379,0.0707
80,attn,360,266.8820,0.7413,0.7199,1.1274
80,attn_kernel,360,232.0886,0.6447,0.6257,0.9871
80,down_proj,360,22.0119,0.0611,0.0594,0.0635
80,gate_up_proj,360,37.2316,0.1034,0.1014,0.1085
80,mlp,360,67.4806,0.1874,0.1843,0.1925
80,o_proj,360,13.5741,0.0377,0.0369,0.0399
80,qkv_proj,360,14.8101,0.0411,0.0379,0.2017
90,attn,360,267.3490,0.7426,0.7199,1.2349
90,attn_kernel,360,232.6211,0.6462,0.6257,1.0547
90,down_proj,360,22.0355,0.0612,0.0594,0.0635
90,gate_up_proj,360,37.2634,0.1035,0.1014,0.1075
90,mlp,360,67.5154,0.1875,0.1843,0.1915
90,o_proj,360,13.5711,0.0377,0.0358,0.0399
90,qkv_proj,360,14.6883,0.0408,0.0389,0.1065
100,attn,360,264.6098,0.7350,0.6717,1.0496
100,attn_kernel,360,230.0406,0.6390,0.5786,0.9124
100,down_proj,360,22.0406,0.0612,0.0584,0.0645
100,gate_up_proj,360,37.2490,0.1035,0.1014,0.1085
100,mlp,360,67.5328,0.1876,0.1843,0.1915
100,o_proj,360,13.5567,0.0377,0.0369,0.0399
100,qkv_proj,360,14.5910,0.0405,0.0379,0.0707
110,attn,360,248.6344,0.6907,0.6728,1.1325
110,attn_kernel,360,214.0088,0.5945,0.5775,0.9861
110,down_proj,360,22.0406,0.0612,0.0594,0.0645
110,gate_up_proj,360,37.3207,0.1037,0.1014,0.1075
110,mlp,360,67.5656,0.1877,0.1843,0.1915
110,o_proj,360,13.5926,0.0378,0.0358,0.0399
110,qkv_proj,360,14.6473,0.0407,0.0379,0.0758
120,attn,360,249.1566,0.6921,0.6728,1.0557
120,attn_kernel,360,214.5423,0.5960,0.5775,0.9062
120,down_proj,360,22.0324,0.0612,0.0594,0.0635
120,gate_up_proj,360,37.4958,0.1042,0.1014,0.2888
120,mlp,360,67.7519,0.1882,0.1843,0.3758
120,o_proj,360,13.5741,0.0377,0.0369,0.0399
120,qkv_proj,360,14.6463,0.0407,0.0379,0.0799
130,attn,360,249.9574,0.6943,0.6769,1.0199
130,attn_kernel,360,215.2991,0.5981,0.5827,0.8724
130,down_proj,360,22.0396,0.0612,0.0594,0.0635
130,gate_up_proj,360,37.3484,0.1037,0.1014,0.1075
130,mlp,360,67.6004,0.1878,0.1843,0.1915
130,o_proj,360,13.5875,0.0377,0.0358,0.0399
130,qkv_proj,360,14.6371,0.0407,0.0379,0.0707
140,attn,360,249.5222,0.6931,0.6758,1.0476
140,attn_kernel,360,214.8762,0.5969,0.5806,0.8980
140,down_proj,360,22.0344,0.0612,0.0594,0.0645
140,gate_up_proj,360,37.3176,0.1037,0.1014,0.1085
140,mlp,360,67.5635,0.1877,0.1843,0.1925
140,o_proj,360,13.5905,0.0378,0.0369,0.0399
140,qkv_proj,360,14.6555,0.0407,0.0379,0.0860
150,attn,360,248.9057,0.6914,0.6758,0.9953
150,attn_kernel,360,214.3304,0.5954,0.5806,0.8571
150,down_proj,360,22.0273,0.0612,0.0594,0.0645
150,gate_up_proj,360,37.3125,0.1036,0.1014,0.1075
150,mlp,360,67.5543,0.1877,0.1843,0.1925
150,o_proj,360,13.5844,0.0377,0.0358,0.0399
150,qkv_proj,360,14.6094,0.0406,0.0379,0.0707
160,attn,360,249.4208,0.6928,0.6738,1.0588
160,attn_kernel,360,214.7922,0.5966,0.5796,0.9103
160,down_proj,360,22.0447,0.0612,0.0594,0.0645
160,gate_up_proj,360,37.2992,0.1036,0.1014,0.1075
160,mlp,360,67.5564,0.1877,0.1843,0.1925
160,o_proj,360,13.5936,0.0378,0.0369,0.0399
160,qkv_proj,360,14.6514,0.0407,0.0379,0.0881
170,attn,360,249.5816,0.6933,0.6769,0.9953
170,attn_kernel,360,214.7901,0.5966,0.5827,0.8581
170,down_proj,360,22.0436,0.0612,0.0594,0.0645
170,gate_up_proj,360,37.3279,0.1037,0.1014,0.1085
170,mlp,360,67.5809,0.1877,0.1843,0.1925
170,o_proj,360,13.5905,0.0378,0.0369,0.0399
170,qkv_proj,360,14.8009,0.0411,0.0379,0.2181
180,attn,360,248.9815,0.6916,0.6728,1.0056
180,attn_kernel,360,214.3498,0.5954,0.5796,0.8376
180,down_proj,360,22.0160,0.0612,0.0594,0.0635
180,gate_up_proj,360,37.3422,0.1037,0.1014,0.1075
180,mlp,360,67.5820,0.1877,0.1843,0.1925
180,o_proj,360,13.5803,0.0377,0.0358,0.0399
180,qkv_proj,360,14.6678,0.0407,0.0379,0.0952
190,attn,360,249.1914,0.6922,0.6748,1.0455
190,attn_kernel,360,214.5249,0.5959,0.5796,0.8602
190,down_proj,360,22.0375,0.0612,0.0594,0.0645
190,gate_up_proj,360,37.3340,0.1037,0.1014,0.1075
190,mlp,360,67.5963,0.1878,0.1843,0.1925
190,o_proj,360,13.5762,0.0377,0.0369,0.0399
190,qkv_proj,360,14.5981,0.0406,0.0379,0.0696
200,attn,360,252.2184,0.7006,0.6748,1.0301
200,attn_kernel,360,217.6696,0.6046,0.5816,0.8817
200,down_proj,360,22.0477,0.0612,0.0594,0.0635
200,gate_up_proj,360,37.3586,0.1038,0.1014,0.1075
200,mlp,360,67.6219,0.1878,0.1843,0.1925
200,o_proj,360,13.5864,0.0377,0.0369,0.0399
200,qkv_proj,360,14.5828,0.0405,0.0379,0.0799
210,attn,360,265.1986,0.7367,0.7148,1.1264
210,attn_kernel,360,230.0099,0.6389,0.6195,0.9656
210,down_proj,360,22.0867,0.0614,0.0594,0.0635
210,gate_up_proj,360,37.4497,0.1040,0.1014,0.1075
210,mlp,360,67.8687,0.1885,0.1843,0.1935
210,o_proj,360,13.7728,0.0383,0.0369,0.1905
210,qkv_proj,360,14.8439,0.0412,0.0389,0.2243
220,attn,360,266.0383,0.7390,0.7178,1.0291
220,attn_kernel,360,231.3800,0.6427,0.6216,0.8929
220,down_proj,360,22.0877,0.0614,0.0594,0.0635
220,gate_up_proj,360,37.4620,0.1041,0.1014,0.1075
220,mlp,360,67.8912,0.1886,0.1843,0.1935
220,o_proj,360,13.6008,0.0378,0.0369,0.0399
220,qkv_proj,360,14.6483,0.0407,0.0379,0.0676
230,attn,360,265.8693,0.7385,0.7178,1.0271
230,attn_kernel,360,231.0605,0.6418,0.6236,0.8919
230,down_proj,360,22.0733,0.0613,0.0594,0.0645
230,gate_up_proj,360,37.4354,0.1040,0.1014,0.1075
230,mlp,360,67.8656,0.1885,0.1853,0.1925
230,o_proj,360,13.5905,0.0378,0.0369,0.0399
230,qkv_proj,360,14.8214,0.0412,0.0379,0.2212
240,attn,360,266.1601,0.7393,0.7199,1.0629
240,attn_kernel,360,231.4967,0.6430,0.6257,0.9247
240,down_proj,360,22.0672,0.0613,0.0594,0.0635
240,gate_up_proj,360,37.4589,0.1041,0.1014,0.1075
240,mlp,360,67.8554,0.1885,0.1843,0.1925
240,o_proj,360,13.5997,0.0378,0.0358,0.0399
240,qkv_proj,360,14.6647,0.0407,0.0389,0.0829
250,attn,360,265.9768,0.7388,0.7188,1.0988
250,attn_kernel,360,231.2899,0.6425,0.6236,0.9544
250,down_proj,360,22.0826,0.0613,0.0594,0.0635
250,gate_up_proj,360,37.4129,0.1039,0.1014,0.1075
250,mlp,360,67.8124,0.1884,0.1843,0.1925
250,o_proj,360,13.6120,0.0378,0.0369,0.0410
250,qkv_proj,360,14.6637,0.0407,0.0379,0.0727
260,attn,360,265.6328,0.7379,0.7188,1.0414
260,attn_kernel,360,230.9786,0.6416,0.6246,0.9062
260,down_proj,360,22.0969,0.0614,0.0594,0.0645
260,gate_up_proj,360,37.4548,0.1040,0.1014,0.1075
260,mlp,360,67.8871,0.1886,0.1843,0.1925
260,o_proj,360,13.6079,0.0378,0.0369,0.0399
260,qkv_proj,360,14.6616,0.0407,0.0379,0.0758
270,attn,360,266.0485,0.7390,0.7178,1.0373
270,attn_kernel,360,231.3964,0.6428,0.6226,0.9011
270,down_proj,360,22.0600,0.0613,0.0594,0.0635
270,gate_up_proj,360,37.4548,0.1040,0.1014,0.1075
270,mlp,360,67.8584,0.1885,0.1843,0.1925
270,o_proj,360,13.5956,0.0378,0.0369,0.0399
270,qkv_proj,360,14.6534,0.0407,0.0379,0.0676
280,attn,360,266.1407,0.7393,0.7188,1.0516
280,attn_kernel,360,231.4435,0.6429,0.6246,0.9155
280,down_proj,360,22.0641,0.0613,0.0594,0.0635
280,gate_up_proj,360,37.4856,0.1041,0.1014,0.1075
280,mlp,360,67.8871,0.1886,0.1843,0.1935
280,o_proj,360,13.6151,0.0378,0.0369,0.0399
280,qkv_proj,360,14.6545,0.0407,0.0379,0.0727
290,attn,360,266.0506,0.7390,0.7209,1.0332
290,attn_kernel,360,231.3851,0.6427,0.6257,0.8878
290,down_proj,360,22.0744,0.0613,0.0594,0.0645
290,gate_up_proj,360,37.4620,0.1041,0.1014,0.1075
290,mlp,360,67.8738,0.1885,0.1843,0.1925
290,o_proj,360,13.6151,0.0378,0.0369,0.0399
290,qkv_proj,360,14.6770,0.0408,0.0389,0.0788
300,attn,360,258.4443,0.7179,0.6410,1.0609
300,attn_kernel,360,223.0262,0.6195,0.5437,0.8950
300,down_proj,360,22.4707,0.0624,0.0594,0.0758
300,gate_up_proj,360,37.6330,0.1045,0.1014,0.2007
300,mlp,360,68.4575,0.1902,0.1853,0.3297
300,o_proj,360,14.3299,0.0398,0.0369,0.3881
300,qkv_proj,360,14.6319,0.0406,0.0379,0.0696
310,attn,360,237.6673,0.6602,0.6380,1.0619
310,attn_kernel,360,201.7905,0.5605,0.5396,0.8991
310,down_proj,360,23.2735,0.0646,0.0594,0.0707
310,gate_up_proj,360,37.6064,0.1045,0.1004,0.1075
310,mlp,360,69.1016,0.1919,0.1864,0.1997
310,o_proj,360,14.8613,0.0413,0.0389,0.0451
310,qkv_proj,360,14.6278,0.0406,0.0379,0.0768
320,attn,360,237.9878,0.6611,0.6390,0.9585
320,attn_kernel,360,202.0762,0.5613,0.5407,0.8202
320,down_proj,360,23.2110,0.0645,0.0604,0.0707
320,gate_up_proj,360,37.6105,0.1045,0.1014,0.1085
320,mlp,360,69.0422,0.1918,0.1853,0.1987
320,o_proj,360,14.8992,0.0414,0.0389,0.0440
320,qkv_proj,360,14.6186,0.0406,0.0379,0.0676
330,attn,360,238.7558,0.6632,0.6410,1.2001
330,attn_kernel,360,202.6404,0.5629,0.5437,0.9953
330,down_proj,360,23.3001,0.0647,0.0604,0.0707
330,gate_up_proj,360,37.7221,0.1048,0.1004,0.2355
330,mlp,360,69.2091,0.1922,0.1864,0.3185
330,o_proj,360,14.8797,0.0413,0.0389,0.0440
330,qkv_proj,360,14.7855,0.0411,0.0379,0.1372
340,attn,360,238.0923,0.6614,0.6431,0.9912
340,attn_kernel,360,202.1919,0.5616,0.5437,0.8479
340,down_proj,360,23.2274,0.0645,0.0604,0.0717
340,gate_up_proj,360,37.5808,0.1044,0.1014,0.1075
340,mlp,360,69.0237,0.1917,0.1853,0.1997
340,o_proj,360,14.8695,0.0413,0.0389,0.0440
340,qkv_proj,360,14.6268,0.0406,0.0379,0.0819
350,attn,360,238.4343,0.6623,0.6431,0.9861
350,attn_kernel,360,202.5175,0.5625,0.5458,0.8305
350,down_proj,360,23.4547,0.0652,0.0604,0.2570
350,gate_up_proj,360,37.7518,0.1049,0.1014,0.2908
350,mlp,360,69.4374,0.1929,0.1864,0.3850
350,o_proj,360,14.8900,0.0414,0.0389,0.0451
350,qkv_proj,360,14.6207,0.0406,0.0379,0.0696
360,attn,360,238.5797,0.6627,0.6390,0.9554
360,attn_kernel,360,202.6977,0.5630,0.5417,0.8151
360,down_proj,360,23.2796,0.0647,0.0594,0.0707
360,gate_up_proj,360,37.5962,0.1044,0.1014,0.1085
360,mlp,360,69.2746,0.1924,0.1864,0.3840
360,o_proj,360,14.8695,0.0413,0.0389,0.0440
360,qkv_proj,360,14.6166,0.0406,0.0379,0.0717
370,attn,360,238.3974,0.6622,0.6451,0.9564
370,attn_kernel,360,202.4663,0.5624,0.5458,0.8202
370,down_proj,360,23.2704,0.0646,0.0604,0.0707
370,gate_up_proj,360,37.5951,0.1044,0.1014,0.1085
370,mlp,360,69.0862,0.1919,0.1864,0.1997
370,o_proj,360,14.8982,0.0414,0.0389,0.0451
370,qkv_proj,360,14.6412,0.0407,0.0379,0.0870
380,attn,360,238.5449,0.6626,0.6431,0.9400
380,attn_kernel,360,202.6598,0.5629,0.5448,0.8028
380,down_proj,360,23.2018,0.0644,0.0594,0.0707
380,gate_up_proj,360,37.6054,0.1045,0.1014,0.1096
380,mlp,360,69.0412,0.1918,0.1864,0.1987
380,o_proj,360,14.8961,0.0414,0.0389,0.0440
380,qkv_proj,360,14.6033,0.0406,0.0379,0.0686
390,attn,360,239.7245,0.6659,0.6431,1.3107
390,attn_kernel,360,203.6941,0.5658,0.5437,1.1387
390,down_proj,360,23.4476,0.0651,0.0604,0.2284
390,gate_up_proj,360,37.6064,0.1045,0.1014,0.1096
390,mlp,360,69.2787,0.1924,0.1864,0.3543
390,o_proj,360,14.8767,0.0413,0.0389,0.0440
390,qkv_proj,360,14.7026,0.0408,0.0379,0.0963
400,attn,360,247.9759,0.6888,0.6420,1.1213
400,attn_kernel,360,211.9752,0.5888,0.5427,0.9390
400,down_proj,360,23.3646,0.0649,0.0604,0.0717
400,gate_up_proj,360,37.5470,0.1043,0.1004,0.1085
400,mlp,360,69.1364,0.1920,0.1874,0.1997
400,o_proj,360,14.8152,0.0412,0.0389,0.0440
400,qkv_proj,360,14.6729,0.0408,0.0379,0.0942
410,attn,360,260.8835,0.7247,0.7025,1.0496
410,attn_kernel,360,225.0353,0.6251,0.6042,0.9062
410,down_proj,360,23.4209,0.0651,0.0604,0.0707
410,gate_up_proj,360,37.7047,0.1047,0.1014,0.2703
410,mlp,360,69.3197,0.1926,0.1874,0.3604
410,o_proj,360,14.7804,0.0411,0.0389,0.0440
410,qkv_proj,360,14.6514,0.0407,0.0379,0.0881
420,attn,360,260.9275,0.7248,0.7025,1.0025
420,attn_kernel,360,225.0783,0.6252,0.6042,0.8643
420,down_proj,360,23.3441,0.0648,0.0594,0.0707
420,gate_up_proj,360,37.5818,0.1044,0.1014,0.1085
420,mlp,360,69.1436,0.1921,0.1864,0.1997
420,o_proj,360,14.8132,0.0411,0.0389,0.0451
420,qkv_proj,360,14.6237,0.0406,0.0379,0.0686
430,attn,360,260.7647,0.7243,0.6994,1.0148
430,attn_kernel,360,224.7987,0.6244,0.6031,0.8622
430,down_proj,360,23.3779,0.0649,0.0604,0.0707
430,gate_up_proj,360,37.5603,0.1043,0.1014,0.1075
430,mlp,360,69.1466,0.1921,0.1864,0.1987
430,o_proj,360,14.9617,0.0416,0.0389,0.1915
430,qkv_proj,360,14.6063,0.0406,0.0379,0.0829
440,attn,360,261.0360,0.7251,0.7014,1.0271
440,attn_kernel,360,225.1674,0.6255,0.6042,0.8786
440,down_proj,360,23.3523,0.0649,0.0604,0.0717
440,gate_up_proj,360,37.7549,0.1049,0.1014,0.2949
440,mlp,360,69.3033,0.1925,0.1864,0.3809
440,o_proj,360,14.8101,0.0411,0.0389,0.0451
440,qkv_proj,360,14.6514,0.0407,0.0389,0.0870
450,attn,360,260.9664,0.7249,0.6984,1.0301
450,attn_kernel,360,225.1940,0.6255,0.6021,0.8929
450,down_proj,360,23.3830,0.0650,0.0594,0.0707
450,gate_up_proj,360,37.5347,0.1043,0.1004,0.1085
450,mlp,360,69.1343,0.1920,0.1874,0.1997
450,o_proj,360,14.7845,0.0411,0.0389,0.0440
450,qkv_proj,360,14.5951,0.0405,0.0379,0.0717
460,attn,360,261.1753,0.7255,0.7025,1.0342
460,attn_kernel,360,225.3793,0.6261,0.6052,0.8868
460,down_proj,360,23.4189,0.0651,0.0604,0.0707
460,gate_up_proj,360,37.5060,0.1042,0.1004,0.1085
460,mlp,360,69.1436,0.1921,0.1874,0.1987
460,o_proj,360,14.7948,0.0411,0.0379,0.0440
460,qkv_proj,360,14.6186,0.0406,0.0379,0.0686
470,attn,360,261.3207,0.7259,0.7004,1.1039
470,attn_kernel,360,225.4633,0.6263,0.6031,0.9390
470,down_proj,360,23.3789,0.0649,0.0604,0.0707
470,gate_up_proj,360,37.5532,0.1043,0.1004,0.1085
470,mlp,360,69.1507,0.1921,0.1864,0.1997
470,o_proj,360,14.7825,0.0411,0.0389,0.0440
470,qkv_proj,360,14.6657,0.0407,0.0379,0.0932
480,attn,360,261.0729,0.7252,0.6984,1.0629
480,attn_kernel,360,225.2626,0.6257,0.6021,0.8991
480,down_proj,360,23.3400,0.0648,0.0604,0.0707
480,gate_up_proj,360,37.5583,0.1043,0.1014,0.1085
480,mlp,360,69.0903,0.1919,0.1864,0.1997
480,o_proj,360,14.7886,0.0411,0.0389,0.0440
480,qkv_proj,360,14.6340,0.0406,0.0379,0.0881
490,attn,360,261.7231,0.7270,0.6984,1.2216
490,attn_kernel,360,225.8278,0.6273,0.6001,1.0127
490,down_proj,360,23.3851,0.0650,0.0604,0.0707
490,gate_up_proj,360,37.5214,0.1042,0.1014,0.1085
490,mlp,360,69.1210,0.1920,0.1864,0.1997
490,o_proj,360,14.8040,0.0411,0.0389,0.0440
490,qkv_proj,360,14.6883,0.0408,0.0379,0.1321
500,attn,360,254.8285,0.7079,0.6676,1.0373
500,attn_kernel,360,219.6664,0.6102,0.5724,0.8950
500,down_proj,360,22.6755,0.0630,0.0594,0.0696
500,gate_up_proj,360,37.4876,0.1041,0.1014,0.1075
500,mlp,360,68.3756,0.1899,0.1843,0.1997
500,o_proj,360,14.2039,0.0395,0.0369,0.0451
500,qkv_proj,360,14.5910,0.0405,0.0379,0.0737
510,attn,360,248.3005,0.6897,0.6666,1.2073
510,attn_kernel,360,213.6320,0.5934,0.5724,0.9882
510,down_proj,360,22.0068,0.0611,0.0594,0.0645
510,gate_up_proj,360,37.4856,0.1041,0.1014,0.1085
510,mlp,360,67.8881,0.1886,0.1843,0.3686
510,o_proj,360,13.5752,0.0377,0.0369,0.0399
510,qkv_proj,360,14.6842,0.0408,0.0379,0.1413
520,attn,360,247.9043,0.6886,0.6636,0.9759
520,attn_kernel,360,213.3504,0.5926,0.5704,0.8417
520,down_proj,360,22.0334,0.0612,0.0594,0.0635
520,gate_up_proj,360,37.6044,0.1045,0.1014,0.2140
520,mlp,360,67.8533,0.1885,0.1843,0.2980
520,o_proj,360,13.5793,0.0377,0.0369,0.0399
520,qkv_proj,360,14.6033,0.0406,0.0379,0.0686
530,attn,360,248.4070,0.6900,0.6656,0.9759
530,attn_kernel,360,213.8255,0.5940,0.5704,0.8397
530,down_proj,360,22.0375,0.0612,0.0594,0.0645
530,gate_up_proj,360,37.4723,0.1041,0.1014,0.1075
530,mlp,360,67.7284,0.1881,0.1853,0.1925
530,o_proj,360,13.5844,0.0377,0.0358,0.0399
530,qkv_proj,360,14.6319,0.0406,0.0379,0.0676
540,attn,360,248.6456,0.6907,0.6646,0.9861
540,attn_kernel,360,214.0477,0.5946,0.5704,0.8438
540,down_proj,360,22.0099,0.0611,0.0584,0.0635
540,gate_up_proj,360,37.4497,0.1040,0.1014,0.1085
540,mlp,360,67.7120,0.1881,0.1843,0.1925
540,o_proj,360,13.5649,0.0377,0.0369,0.0389
540,qkv_proj,360,14.6422,0.0407,0.0379,0.0819
550,attn,360,248.4193,0.6901,0.6666,0.9748
550,attn_kernel,360,213.8327,0.5940,0.5704,0.8387
550,down_proj,360,22.0027,0.0611,0.0594,0.0635
550,gate_up_proj,360,38.1348,0.1059,0.1014,0.7854
550,mlp,360,68.3848,0.1900,0.1853,0.8714
550,o_proj,360,13.5875,0.0377,0.0369,0.0399
550,qkv_proj,360,14.6381,0.0407,0.0379,0.0819
560,attn,360,248.2022,0.6895,0.6676,0.9667
560,attn_kernel,360,213.6044,0.5933,0.5734,0.8315
560,down_proj,360,22.0672,0.0613,0.0594,0.0635
560,gate_up_proj,360,37.4518,0.1040,0.1014,0.1075
560,mlp,360,67.7079,0.1881,0.1853,0.1935
560,o_proj,360,13.5854,0.0377,0.0369,0.0399
560,qkv_proj,360,14.6196,0.0406,0.0379,0.0676
570,attn,360,248.6825,0.6908,0.6666,0.9769
570,attn_kernel,360,214.1082,0.5947,0.5724,0.8397
570,down_proj,360,22.0355,0.0612,0.0594,0.0645
570,gate_up_proj,360,37.4426,0.1040,0.1014,0.1085
570,mlp,360,67.6987,0.1881,0.1843,0.1925
570,o_proj,360,13.5916,0.0378,0.0358,0.0399
570,qkv_proj,360,14.6094,0.0406,0.0379,0.0676
580,attn,360,248.9784,0.6916,0.6666,1.2165
580,attn_kernel,360,214.2362,0.5951,0.5714,0.9882
580,down_proj,360,22.0355,0.0612,0.0594,0.0635
580,gate_up_proj,360,37.4948,0.1042,0.1014,0.1085
580,mlp,360,67.7233,0.1881,0.1843,0.1925
580,o_proj,360,13.5598,0.0377,0.0369,0.0389
580,qkv_proj,360,14.7620,0.0410,0.0379,0.1567
590,attn,360,248.6989,0.6908,0.6666,0.9708
590,attn_kernel,360,214.1112,0.5948,0.5724,0.8356
590,down_proj,360,22.0375,0.0612,0.0594,0.0635
590,gate_up_proj,360,37.4589,0.1041,0.1014,0.1085
590,mlp,360,67.7304,0.1881,0.1843,0.1925
590,o_proj,360,13.5823,0.0377,0.0369,0.0399
590,qkv_proj,360,14.6248,0.0406,0.0379,0.0686
600,attn,360,254.9187,0.7081,0.6707,1.0076
600,attn_kernel,360,220.3668,0.6121,0.5765,0.8714
600,down_proj,360,22.0334,0.0612,0.0594,0.0635
600,gate_up_proj,360,37.3944,0.1039,0.1014,0.1075
600,mlp,360,67.6516,0.1879,0.1843,0.1925
600,o_proj,360,13.5916,0.0378,0.0369,0.0399
600,qkv_proj,360,14.6186,0.0406,0.0379,0.0819
610,attn,360,259.0781,0.7197,0.7004,1.1162
610,attn_kernel,360,224.4065,0.6234,0.6062,0.9482
610,down_proj,360,22.0303,0.0612,0.0594,0.0635
610,gate_up_proj,360,37.3596,0.1038,0.1014,0.1075
610,mlp,360,67.5973,0.1878,0.1843,0.1925
610,o_proj,360,13.5916,0.0378,0.0358,0.0399
610,qkv_proj,360,14.6483,0.0407,0.0379,0.0983
620,attn,360,259.1580,0.7199,0.7035,1.0670
620,attn_kernel,360,224.5427,0.6237,0.6072,0.9216
620,down_proj,360,21.9894,0.0611,0.0594,0.0635
620,gate_up_proj,360,37.3207,0.1037,0.1004,0.1085
620,mlp,360,67.5523,0.1876,0.1843,0.1915
620,o_proj,360,13.5875,0.0377,0.0369,0.0399
620,qkv_proj,360,14.6248,0.0406,0.0379,0.0768
630,attn,360,259.1785,0.7199,0.7035,1.0281
630,attn_kernel,360,224.5847,0.6238,0.6093,0.8899
630,down_proj,360,22.0396,0.0612,0.0594,0.0635
630,gate_up_proj,360,37.3289,0.1037,0.1014,0.1075
630,mlp,360,67.5533,0.1876,0.1843,0.1925
630,o_proj,360,13.5854,0.0377,0.0369,0.0399
630,qkv_proj,360,14.6145,0.0406,0.0389,0.0676
640,attn,360,259.2215,0.7201,0.7035,1.0445
640,attn_kernel,360,224.5724,0.6238,0.6083,0.8827
640,down_proj,360,22.0375,0.0612,0.0594,0.0645
640,gate_up_proj,360,37.3268,0.1037,0.1014,0.1075
640,mlp,360,67.5973,0.1878,0.1843,0.1925
640,o_proj,360,13.5967,0.0378,0.0358,0.0399
640,qkv_proj,360,14.6217,0.0406,0.0379,0.0911
650,attn,360,259.2911,0.7203,0.7045,1.0342
650,attn_kernel,360,224.6502,0.6240,0.6103,0.8847
650,down_proj,360,22.0140,0.0611,0.0594,0.0635
650,gate_up_proj,360,37.3432,0.1037,0.1014,0.1075
650,mlp,360,67.5686,0.1877,0.1843,0.1935
650,o_proj,360,13.5916,0.0378,0.0369,0.0399
650,qkv_proj,360,14.6186,0.0406,0.0379,0.0727
660,attn,360,259.3444,0.7204,0.7025,1.0199
660,attn_kernel,360,224.7137,0.6242,0.6083,0.8847
660,down_proj,360,22.0385,0.0612,0.0594,0.0645
660,gate_up_proj,360,37.3033,0.1036,0.1014,0.1075
660,mlp,360,67.5594,0.1877,0.1833,0.1925
660,o_proj,360,13.5936,0.0378,0.0369,0.0399
660,qkv_proj,360,14.6115,0.0406,0.0379,0.0707
670,attn,360,260.2271,0.7229,0.7055,1.0373
670,attn_kernel,360,225.4428,0.6262,0.6093,0.8858
670,down_proj,360,22.1880,0.0616,0.0594,0.2038
670,gate_up_proj,360,37.3320,0.1037,0.1014,0.1075
670,mlp,360,67.7161,0.1881,0.1843,0.3287
670,o_proj,360,13.5956,0.0378,0.0369,0.0399
670,qkv_proj,360,14.8070,0.0411,0.0379,0.2253
680,attn,360,261.8808,0.7274,0.7076,1.4275
680,attn_kernel,360,227.2850,0.6313,0.6124,1.3332
680,down_proj,360,22.0088,0.0611,0.0594,0.0635
680,gate_up_proj,360,37.3391,0.1037,0.1014,0.1075
680,mlp,360,67.7642,0.1882,0.1853,0.3707
680,o_proj,360,13.5731,0.0377,0.0358,0.0399
680,qkv_proj,360,14.6258,0.0406,0.0389,0.0748
690,attn,360,260.9418,0.7248,0.7076,1.0086
690,attn_kernel,360,226.3644,0.6288,0.6134,0.8735
690,down_proj,360,22.0201,0.0612,0.0584,0.0635
690,gate_up_proj,360,37.3279,0.1037,0.1014,0.1075
690,mlp,360,67.5789,0.1877,0.1843,0.1915
690,o_proj,360,13.5997,0.0378,0.0358,0.0399
690,qkv_proj,360,14.6135,0.0406,0.0389,0.0676
700,attn,360,252.9454,0.7026,0.6758,1.0035
700,attn_kernel,360,218.4038,0.6067,0.5816,0.8622
700,down_proj,360,22.0508,0.0613,0.0584,0.0645
700,gate_up_proj,360,37.3524,0.1038,0.1014,0.1075
700,mlp,360,67.6393,0.1879,0.1843,0.1915
700,o_proj,360,13.5608,0.0377,0.0358,0.0399
700,qkv_proj,360,14.6002,0.0406,0.0389,0.0717
710,attn,360,249.9031,0.6942,0.6758,0.9933
710,attn_kernel,360,215.3042,0.5981,0.5816,0.8468
710,down_proj,360,22.0457,0.0612,0.0594,0.0635
710,gate_up_proj,360,37.3299,0.1037,0.1014,0.1075
710,mlp,360,67.5707,0.1877,0.1843,0.1925
710,o_proj,360,13.5578,0.0377,0.0369,0.0399
710,qkv_proj,360,14.6432,0.0407,0.0379,0.0829
720,attn,360,250.1233,0.6948,0.6748,0.9892
720,attn_kernel,360,215.5663,0.5988,0.5806,0.8499
720,down_proj,360,22.1706,0.0616,0.0594,0.2058
720,gate_up_proj,360,37.4958,0.1042,0.1014,0.2396
720,mlp,360,67.9014,0.1886,0.1833,0.3318
720,o_proj,360,13.5680,0.0377,0.0358,0.0389
720,qkv_proj,360,14.6186,0.0406,0.0379,0.0707
730,attn,360,250.2973,0.6953,0.6748,0.9964
730,attn_kernel,360,215.7332,0.5993,0.5806,0.8612
730,down_proj,360,22.0242,0.0612,0.0584,0.0645
730,gate_up_proj,360,37.3647,0.1038,0.1014,0.1075
730,mlp,360,67.6209,0.1878,0.1853,0.1925
730,o_proj,360,13.5670,0.0377,0.0358,0.0399
730,qkv_proj,360,14.5992,0.0406,0.0379,0.0676
740,attn,360,250.3096,0.6953,0.6769,0.9923
740,attn_kernel,360,215.7414,0.5993,0.5806,0.8520
740,down_proj,360,22.0416,0.0612,0.0594,0.0635
740,gate_up_proj,360,37.3555,0.1038,0.1014,0.1085
740,mlp,360,67.6372,0.1879,0.1853,0.1925
740,o_proj,360,13.5660,0.0377,0.0369,0.0399
740,qkv_proj,360,14.6125,0.0406,0.0389,0.0686
750,attn,360,250.3219,0.6953,0.6769,0.9800
750,attn_kernel,360,215.7445,0.5993,0.5816,0.8458
750,down_proj,360,22.0365,0.0612,0.0594,0.0635
750,gate_up_proj,360,37.3330,0.1037,0.1014,0.1075
750,mlp,360,67.6014,0.1878,0.1843,0.1925
750,o_proj,360,13.5711,0.0377,0.0358,0.0399
750,qkv_proj,360,14.6237,0.0406,0.0379,0.0686
760,attn,360,250.1939,0.6950,0.6748,0.9892
760,attn_kernel,360,215.6329,0.5990,0.5806,0.8530
760,down_proj,360,22.0477,0.0612,0.0594,0.0635
760,gate_up_proj,360,37.3576,0.1038,0.1014,0.1075
760,mlp,360,67.6137,0.1878,0.1843,0.1915
760,o_proj,360,13.5649,0.0377,0.0358,0.0399
760,qkv_proj,360,14.6176,0.0406,0.0379,0.0686
770,attn,360,250.4694,0.6957,0.6758,0.9830
770,attn_kernel,360,215.8694,0.5996,0.5816,0.8448
770,down_proj,360,22.0355,0.0612,0.0584,0.0635
770,gate_up_proj,360,37.3535,0.1038,0.1014,0.1075
770,mlp,360,67.6024,0.1878,0.1833,0.1915
770,o_proj,360,13.5557,0.0377,0.0369,0.0399
770,qkv_proj,360,14.6043,0.0406,0.0379,0.0676
780,attn,360,250.5042,0.6958,0.6758,0.9851
780,attn_kernel,360,215.9094,0.5997,0.5806,0.8468
780,down_proj,360,22.0191,0.0612,0.0594,0.0645
780,gate_up_proj,360,37.3320,0.1037,0.1014,0.1075
780,mlp,360,67.6086,0.1878,0.1843,0.1925
780,o_proj,360,13.5690,0.0377,0.0369,0.0399
780,qkv_proj,360,14.6012,0.0406,0.0389,0.0676
790,attn,360,250.6496,0.6962,0.6758,1.2186
790,attn_kernel,360,215.9892,0.6000,0.5816,1.0004
790,down_proj,360,22.0344,0.0612,0.0594,0.0635
790,gate_up_proj,360,37.3524,0.1038,0.1014,0.1065
790,mlp,360,67.5860,0.1877,0.1853,0.1915
790,o_proj,360,13.5700,0.0377,0.0369,0.0399
790,qkv_proj,360,14.6729,0.0408,0.0379,0.1475
800,attn,360,260.9132,0.7248,0.6789,1.0117
800,attn_kernel,360,226.3962,0.6289,0.5847,0.8776
800,down_proj,360,22.0457,0.0612,0.0594,0.0635
800,gate_up_proj,360,37.3504,0.1038,0.1014,0.1075
800,mlp,360,67.6004,0.1878,0.1843,0.1925
800,o_proj,360,13.5629,0.0377,0.0369,0.0399
800,qkv_proj,360,14.5940,0.0405,0.0379,0.0707
810,attn,360,264.0343,0.7334,0.7137,1.0179
810,attn_kernel,360,229.3432,0.6371,0.6185,0.8837
810,down_proj,360,22.0385,0.0612,0.0594,0.0645
810,gate_up_proj,360,37.3012,0.1036,0.1014,0.1085
810,mlp,360,67.5543,0.1877,0.1843,0.1925
810,o_proj,360,13.5291,0.0376,0.0358,0.0389
810,qkv_proj,360,14.7876,0.0411,0.0379,0.2232
820,attn,360,264.8463,0.7357,0.7107,1.4090
820,attn_kernel,360,230.3027,0.6397,0.6185,1.3148
820,down_proj,360,22.0662,0.0613,0.0594,0.0635
820,gate_up_proj,360,37.3125,0.1036,0.1014,0.1075
820,mlp,360,67.6014,0.1878,0.1833,0.1925
820,o_proj,360,13.5680,0.0377,0.0358,0.0389
820,qkv_proj,360,14.6033,0.0406,0.0379,0.0686
830,attn,360,264.1244,0.7337,0.7137,1.0158
830,attn_kernel,360,229.5480,0.6376,0.6195,0.8786
830,down_proj,360,22.0672,0.0613,0.0594,0.0635
830,gate_up_proj,360,37.3463,0.1037,0.1014,0.1075
830,mlp,360,67.6106,0.1878,0.1843,0.1935
830,o_proj,360,13.5588,0.0377,0.0358,0.0399
830,qkv_proj,360,14.6135,0.0406,0.0389,0.0758
840,attn,360,264.5135,0.7348,0.7137,1.0220
840,attn_kernel,360,229.9525,0.6388,0.6185,0.8837
840,down_proj,360,22.0447,0.0612,0.0594,0.0645
840,gate_up_proj,360,37.3330,0.1037,0.1014,0.1075
840,mlp,360,67.6055,0.1878,0.1833,0.1915
840,o_proj,360,13.5485,0.0376,0.0358,0.0399
840,qkv_proj,360,14.5930,0.0405,0.0379,0.0696
850,attn,360,264.3548,0.7343,0.7127,1.0230
850,attn_kernel,360,229.8286,0.6384,0.6164,0.8878
850,down_proj,360,22.0344,0.0612,0.0594,0.0635
850,gate_up_proj,360,37.4692,0.1041,0.1014,0.2509
850,mlp,360,67.6925,0.1880,0.1843,0.3338
850,o_proj,360,13.5516,0.0376,0.0358,0.0399
850,qkv_proj,360,14.5940,0.0405,0.0379,0.0686
860,attn,360,264.1347,0.7337,0.7127,1.0301
860,attn_kernel,360,229.5224,0.6376,0.6185,0.8796
860,down_proj,360,22.0529,0.0613,0.0594,0.0635
860,gate_up_proj,360,37.3320,0.1037,0.1014,0.1096
860,mlp,360,67.6178,0.1878,0.1843,0.1915
860,o_proj,360,13.5404,0.0376,0.0369,0.0399
860,qkv_proj,360,14.6217,0.0406,0.0379,0.0686
870,attn,360,264.2166,0.7339,0.7137,1.0189
870,attn_kernel,360,229.6658,0.6380,0.6195,0.8817
870,down_proj,360,22.0252,0.0612,0.0594,0.0635
870,gate_up_proj,360,37.3545,0.1038,0.1014,0.1075
870,mlp,360,67.6065,0.1878,0.1843,0.1925
870,o_proj,360,13.5680,0.0377,0.0369,0.0399
870,qkv_proj,360,14.5879,0.0405,0.0379,0.0686
880,attn,360,264.7798,0.7355,0.7137,1.0250
880,attn_kernel,360,230.2157,0.6395,0.6195,0.8909
880,down_proj,360,22.0682,0.0613,0.0594,0.0635
880,gate_up_proj,360,37.2634,0.1035,0.1014,0.1065
880,mlp,360,67.5533,0.1876,0.1843,0.1915
880,o_proj,360,13.5567,0.0377,0.0358,0.0399
880,qkv_proj,360,14.6115,0.0406,0.0379,0.0676
890,attn,360,264.5268,0.7348,0.7148,1.0322
890,attn_kernel,360,229.9453,0.6387,0.6195,0.8940
890,down_proj,360,22.0518,0.0613,0.0594,0.0635
890,gate_up_proj,360,37.3494,0.1037,0.1014,0.1075
890,mlp,360,67.6178,0.1878,0.1843,0.1925
890,o_proj,360,13.5608,0.0377,0.0358,0.0399
890,qkv_proj,360,14.6156,0.0406,0.0379,0.0707
900,attn,360,247.0369,0.6862,0.6584,1.0045
900,attn_kernel,360,211.1764,0.5866,0.5601,0.8694
900,down_proj,360,23.2806,0.0647,0.0594,0.0707
900,gate_up_proj,360,37.5071,0.1042,0.1004,0.1075
900,mlp,360,69.0248,0.1917,0.1853,0.1987
900,o_proj,360,14.8767,0.0413,0.0369,0.0451
900,qkv_proj,360,14.5971,0.0405,0.0379,0.0686
910,attn,360,246.2362,0.6840,0.6636,0.9533
910,attn_kernel,360,210.2589,0.5841,0.5652,0.8151
910,down_proj,360,23.4250,0.0651,0.0604,0.0707
910,gate_up_proj,360,37.5265,0.1042,0.1014,0.1075
910,mlp,360,69.1640,0.1921,0.1874,0.1997
910,o_proj,360,14.9750,0.0416,0.0389,0.0440
910,qkv_proj,360,14.6227,0.0406,0.0379,0.0727
920,attn,360,246.6181,0.6851,0.6625,0.9677
920,attn_kernel,360,210.4556,0.5846,0.5642,0.8294
920,down_proj,360,23.4240,0.0651,0.0604,0.0717
920,gate_up_proj,360,37.5378,0.1043,0.1004,0.1075
920,mlp,360,69.1651,0.1921,0.1864,0.1987
920,o_proj,360,14.9914,0.0416,0.0389,0.0451
920,qkv_proj,360,14.6135,0.0406,0.0379,0.0686
930,attn,360,246.0365,0.6834,0.6615,0.9656
930,attn_kernel,360,210.0429,0.5835,0.5632,0.8284
930,down_proj,360,23.3912,0.0650,0.0604,0.0707
930,gate_up_proj,360,37.5491,0.1043,0.1004,0.1085
930,mlp,360,69.1456,0.1921,0.1864,0.2007
930,o_proj,360,14.9791,0.0416,0.0389,0.0451
930,qkv_proj,360,14.6268,0.0406,0.0379,0.0788
940,attn,360,246.2894,0.6841,0.6646,0.9523
940,attn_kernel,360,210.3101,0.5842,0.5663,0.8120
940,down_proj,360,23.3923,0.0650,0.0604,0.0707
940,gate_up_proj,360,37.5368,0.1043,0.1004,0.1075
940,mlp,360,69.1436,0.1921,0.1864,0.1997
940,o_proj,360,14.9678,0.0416,0.0399,0.0451
940,qkv_proj,360,14.6237,0.0406,0.0379,0.0676
950,attn,360,246.5239,0.6848,0.6605,0.9994
950,attn_kernel,360,210.5129,0.5848,0.5612,0.8602
950,down_proj,360,23.4035,0.0650,0.0604,0.0707
950,gate_up_proj,360,37.5214,0.1042,0.1004,0.1075
950,mlp,360,69.1507,0.1921,0.1864,0.1997
950,o_proj,360,14.9852,0.0416,0.0389,0.0451
950,qkv_proj,360,14.6207,0.0406,0.0379,0.0676
960,attn,360,245.8819,0.6830,0.6615,0.9677
960,attn_kernel,360,209.8258,0.5828,0.5632,0.8243
960,down_proj,360,23.4281,0.0651,0.0604,0.0707
960,gate_up_proj,360,37.5060,0.1042,0.1014,0.1075
960,mlp,360,69.1661,0.1921,0.1874,0.1997
960,o_proj,360,14.9606,0.0416,0.0389,0.0440
960,qkv_proj,360,14.6248,0.0406,0.0379,0.0850
970,attn,360,246.4195,0.6845,0.6605,1.0097
970,attn_kernel,360,210.4228,0.5845,0.5632,0.8714
970,down_proj,360,23.4281,0.0651,0.0604,0.0717
970,gate_up_proj,360,37.5050,0.1042,0.1014,0.1075
970,mlp,360,69.1804,0.1922,0.1864,0.1997
970,o_proj,360,14.9791,0.0416,0.0389,0.0451
970,qkv_proj,360,14.6156,0.0406,0.0379,0.0696
980,attn,360,246.4215,0.6845,0.6636,0.9667
980,attn_kernel,360,210.4033,0.5845,0.5632,0.8233
980,down_proj,360,23.4076,0.0650,0.0594,0.0717
980,gate_up_proj,360,37.7098,0.1047,0.1014,0.2867
980,mlp,360,69.3166,0.1925,0.1864,0.3748
980,o_proj,360,14.9811,0.0416,0.0389,0.0440
980,qkv_proj,360,14.6442,0.0407,0.0379,0.0799
990,attn,360,246.5659,0.6849,0.6605,1.0025
990,attn_kernel,360,210.5119,0.5848,0.5632,0.8499
990,down_proj,360,23.4281,0.0651,0.0604,0.0707
990,gate_up_proj,360,37.5224,0.1042,0.1004,0.1075
990,mlp,360,69.1599,0.1921,0.1864,0.1987
990,o_proj,360,14.9944,0.0417,0.0389,0.0451
990,qkv_proj,360,14.6524,0.0407,0.0379,0.0748
1000,attn,360,260.6418,0.7240,0.7086,1.0332
1000,attn_kernel,360,225.9968,0.6278,0.6124,0.8980
1000,down_proj,360,22.1184,0.0614,0.0594,0.0645
1000,gate_up_proj,360,37.2685,0.1035,0.1014,0.1075
1000,mlp,360,67.6372,0.1879,0.1843,0.1925
1000,o_proj,360,13.6438,0.0379,0.0358,0.0399
1000,qkv_proj,360,14.6074,0.0406,0.0379,0.0676
1010,attn,360,260.8138,0.7245,0.7066,1.0281
1010,attn_kernel,360,226.0972,0.6280,0.6124,0.8909
1010,down_proj,360,22.1061,0.0614,0.0594,0.0635
1010,gate_up_proj,360,37.2818,0.1036,0.1014,0.1075
1010,mlp,360,67.6495,0.1879,0.1843,0.1925
1010,o_proj,360,13.6315,0.0379,0.0358,0.0399
1010,qkv_proj,360,14.6452,0.0407,0.0379,0.0860
1020,attn,360,261.3760,0.7260,0.7076,1.3834
1020,attn_kernel,360,226.7105,0.6298,0.6113,1.2882
1020,down_proj,360,22.0897,0.0614,0.0594,0.0645
1020,gate_up_proj,360,37.2664,0.1035,0.1004,0.1085
1020,mlp,360,67.6352,0.1879,0.1843,0.1925
1020,o_proj,360,13.6376,0.0379,0.0358,0.0399
1020,qkv_proj,360,14.6483,0.0407,0.0379,0.0696
1030,attn,360,260.8998,0.7247,0.7045,1.0363
1030,attn_kernel,360,226.2118,0.6284,0.6113,0.9001
1030,down_proj,360,22.1020,0.0614,0.0594,0.0645
1030,gate_up_proj,360,37.2972,0.1036,0.1004,0.1075
1030,mlp,360,67.6690,0.1880,0.1843,0.1925
1030,o_proj,360,13.6315,0.0379,0.0369,0.0399
1030,qkv_proj,360,14.6340,0.0406,0.0379,0.0686
1040,attn,360,260.8804,0.7247,0.7086,1.0496
1040,attn_kernel,360,226.1760,0.6283,0.6134,0.9062
1040,down_proj,360,22.1010,0.0614,0.0594,0.0635
1040,gate_up_proj,360,37.3176,0.1037,0.1004,0.1075
1040,mlp,360,67.6690,0.1880,0.1853,0.1946
1040,o_proj,360,13.6468,0.0379,0.0369,0.0399
1040,qkv_proj,360,14.6504,0.0407,0.0379,0.0707
1050,attn,360,261.2511,0.7257,0.7055,1.0772
1050,attn_kernel,360,226.4842,0.6291,0.6113,0.9308
1050,down_proj,360,22.1123,0.0614,0.0594,0.0635
1050,gate_up_proj,360,37.2644,0.1035,0.1014,0.1075
1050,mlp,360,67.6352,0.1879,0.1843,0.1925
1050,o_proj,360,13.6212,0.0378,0.0358,0.0410
1050,qkv_proj,360,14.6760,0.0408,0.0379,0.0758
1060,attn,360,261.4211,0.7262,0.7066,1.1172
1060,attn_kernel,360,226.6737,0.6296,0.6124,0.9748
1060,down_proj,360,22.1174,0.0614,0.0594,0.0635
1060,gate_up_proj,360,37.2634,0.1035,0.1014,0.1075
1060,mlp,360,67.6270,0.1879,0.1843,0.1925
1060,o_proj,360,13.6489,0.0379,0.0369,0.0399
1060,qkv_proj,360,14.6924,0.0408,0.0389,0.0850
1070,attn,360,261.1169,0.7253,0.7076,1.0895
1070,attn_kernel,360,226.3788,0.6288,0.6134,0.9400
1070,down_proj,360,22.1061,0.0614,0.0594,0.0645
1070,gate_up_proj,360,37.3115,0.1036,0.1004,0.1075
1070,mlp,360,67.6536,0.1879,0.1843,0.1925
1070,o_proj,360,13.6366,0.0379,0.0358,0.0399
1070,qkv_proj,360,14.6924,0.0408,0.0379,0.0840
1080,attn,360,261.2593,0.7257,0.7076,1.0537
1080,attn_kernel,360,226.4996,0.6292,0.6124,0.9093
1080,down_proj,360,22.1082,0.0614,0.0594,0.0635
1080,gate_up_proj,360,37.3002,0.1036,0.1014,0.1075
1080,mlp,360,67.6475,0.1879,0.1843,0.1915
1080,o_proj,360,13.6366,0.0379,0.0369,0.0399
1080,qkv_proj,360,14.6801,0.0408,0.0389,0.0758
1090,attn,360,260.8302,0.7245,0.7035,1.0680
1090,attn_kernel,360,226.1473,0.6282,0.6093,0.9298
1090,down_proj,360,22.1204,0.0614,0.0594,0.0635
1090,gate_up_proj,360,37.2941,0.1036,0.1014,0.1085
1090,mlp,360,67.6721,0.1880,0.1843,0.1925
1090,o_proj,360,13.6315,0.0379,0.0369,0.0399
1090,qkv_proj,360,14.6422,0.0407,0.0379,0.0717
1100,attn,360,259.5062,0.7209,0.7014,1.0680
1100,attn_kernel,360,224.8407,0.6246,0.6083,0.9247
1100,down_proj,360,22.0416,0.0612,0.0594,0.0645
1100,gate_up_proj,360,37.4344,0.1040,0.1014,0.1085
1100,mlp,360,67.6854,0.1880,0.1843,0.1925
1100,o_proj,360,13.5793,0.0377,0.0369,0.0389
1100,qkv_proj,360,14.6657,0.0407,0.0389,0.0870
1110,attn,360,259.3505,0.7204,0.7014,1.0476
1110,attn_kernel,360,224.7240,0.6242,0.6083,0.9083
1110,down_proj,360,22.0436,0.0612,0.0594,0.0635
1110,gate_up_proj,360,37.4272,0.1040,0.1014,0.1075
1110,mlp,360,67.6813,0.1880,0.1843,0.1925
1110,o_proj,360,13.5844,0.0377,0.0369,0.0399
1110,qkv_proj,360,14.6401,0.0407,0.0379,0.0707
1120,attn,360,259.6116,0.7211,0.7035,1.0496
1120,attn_kernel,360,224.9871,0.6250,0.6072,0.9103
1120,down_proj,360,22.0283,0.0612,0.0594,0.0635
1120,gate_up_proj,360,37.4118,0.1039,0.1014,0.1085
1120,mlp,360,67.6536,0.1879,0.1843,0.1925
1120,o_proj,360,13.5813,0.0377,0.0369,0.0399
1120,qkv_proj,360,14.6043,0.0406,0.0379,0.0707
1130,attn,360,259.5973,0.7211,0.7035,1.0404
1130,attn_kernel,360,224.9564,0.6249,0.6072,0.9011
1130,down_proj,360,22.0467,0.0612,0.0594,0.0635
1130,gate_up_proj,360,37.4036,0.1039,0.1014,0.1075
1130,mlp,360,67.6475,0.1879,0.1843,0.1915
1130,o_proj,360,13.5731,0.0377,0.0369,0.0399
1130,qkv_proj,360,14.6565,0.0407,0.0379,0.0819
1140,attn,360,259.6895,0.7214,0.7035,1.0455
1140,attn_kernel,360,225.0332,0.6251,0.6083,0.9062
1140,down_proj,360,22.0375,0.0612,0.0594,0.0645
1140,gate_up_proj,360,37.4098,0.1039,0.1014,0.1085
1140,mlp,360,67.6372,0.1879,0.1843,0.1925
1140,o_proj,360,13.5547,0.0377,0.0369,0.0399
1140,qkv_proj,360,14.6452,0.0407,0.0379,0.0707
1150,attn,360,259.8554,0.7218,0.7035,1.0424
1150,attn_kernel,360,225.0783,0.6252,0.6093,0.9042
1150,down_proj,360,22.0416,0.0612,0.0594,0.0645
1150,gate_up_proj,360,37.3903,0.1039,0.1014,0.1075
1150,mlp,360,67.6280,0.1879,0.1843,0.1925
1150,o_proj,360,13.7370,0.0382,0.0369,0.1987
1150,qkv_proj,360,14.6248,0.0406,0.0379,0.0707
1160,attn,360,260.0827,0.7225,0.7014,1.2268
1160,attn_kernel,360,225.3548,0.6260,0.6083,1.0240
1160,down_proj,360,22.0283,0.0612,0.0594,0.0655
1160,gate_up_proj,360,37.3903,0.1039,0.1014,0.1075
1160,mlp,360,67.6506,0.1879,0.1843,0.1935
1160,o_proj,360,13.5670,0.0377,0.0358,0.0399
1160,qkv_proj,360,14.6893,0.0408,0.0379,0.1311
1170,attn,360,259.7335,0.7215,0.7045,1.0404
1170,attn_kernel,360,225.1069,0.6253,0.6072,0.9011
1170,down_proj,360,22.0088,0.0611,0.0594,0.0645
1170,gate_up_proj,360,37.4067,0.1039,0.1014,0.1075
1170,mlp,360,67.6598,0.1879,0.1853,0.1915
1170,o_proj,360,13.5854,0.0377,0.0358,0.0399
1170,qkv_proj,360,14.6463,0.0407,0.0379,0.0707
1180,attn,360,260.4012,0.7233,0.7025,1.4285
1180,attn_kernel,360,225.7633,0.6271,0.6083,1.3312
1180,down_proj,360,22.0170,0.0612,0.0594,0.0635
1180,gate_up_proj,360,37.3555,0.1038,0.1004,0.1075
1180,mlp,360,67.7898,0.1883,0.1843,0.3748
1180,o_proj,360,13.5854,0.0377,0.0369,0.0399
1180,qkv_proj,360,14.6627,0.0407,0.0379,0.0870
1190,attn,360,245.9464,0.6832,0.5151,1.0373
1190,attn_kernel,360,211.1232,0.5865,0.4178,0.8980
1190,down_proj,360,22.3017,0.0619,0.0594,0.0696
1190,gate_up_proj,360,37.6054,0.1045,0.1004,0.2058
1190,mlp,360,68.1318,0.1893,0.1843,0.2898
1190,o_proj,360,13.8301,0.0384,0.0369,0.0440
1190,qkv_proj,360,14.5879,0.0405,0.0379,0.0707
1200,attn,360,191.9703,0.5333,0.5161,0.8090
1200,attn_kernel,360,156.1211,0.4337,0.4178,0.6738
1200,down_proj,360,23.5694,0.0655,0.0604,0.0717
1200,gate_up_proj,360,37.5020,0.1042,0.1004,0.1085
1200,mlp,360,69.2797,0.1924,0.1864,0.2007
1200,o_proj,360,14.8797,0.0413,0.0389,0.0440
1200,qkv_proj,360,14.5572,0.0404,0.0379,0.0666
1210,attn,360,191.8372,0.5329,0.5171,0.8131
1210,attn_kernel,360,156.0504,0.4335,0.4178,0.6758
1210,down_proj,360,23.5233,0.0653,0.0594,0.0717
1210,gate_up_proj,360,37.4743,0.1041,0.0993,0.1075
1210,mlp,360,69.2029,0.1922,0.1864,0.1987
1210,o_proj,360,14.8306,0.0412,0.0389,0.0440
1210,qkv_proj,360,14.5418,0.0404,0.0379,0.0666
1220,attn,360,191.9785,0.5333,0.5181,0.8489
1220,attn_kernel,360,156.1733,0.4338,0.4198,0.7117
1220,down_proj,360,23.6104,0.0656,0.0594,0.0717
1220,gate_up_proj,360,37.4641,0.1041,0.1004,0.1085
1220,mlp,360,69.3043,0.1925,0.1874,0.1987
1220,o_proj,360,14.8777,0.0413,0.0389,0.0440
1220,qkv_proj,360,14.5531,0.0404,0.0379,0.0676
1230,attn,360,192.3512,0.5343,0.5161,0.8161
1230,attn_kernel,360,156.5460,0.4349,0.4188,0.6779
1230,down_proj,360,23.5346,0.0654,0.0604,0.0707
1230,gate_up_proj,360,37.5583,0.1043,0.1004,0.2058
1230,mlp,360,69.3084,0.1925,0.1853,0.2959
1230,o_proj,360,14.8296,0.0412,0.0389,0.0440
1230,qkv_proj,360,14.5592,0.0404,0.0379,0.0686
1240,attn,360,191.9621,0.5332,0.5151,0.8131
1240,attn_kernel,360,156.1201,0.4337,0.4168,0.6717
1240,down_proj,360,23.5715,0.0655,0.0594,0.0727
1240,gate_up_proj,360,37.4753,0.1041,0.1004,0.1075
1240,mlp,360,69.2767,0.1924,0.1874,0.1987
1240,o_proj,360,14.8572,0.0413,0.0389,0.0440
1240,qkv_proj,360,14.5777,0.0405,0.0379,0.0686
1250,attn,360,192.2929,0.5341,0.5171,0.8284
1250,attn_kernel,360,156.4365,0.4345,0.4209,0.6892
1250,down_proj,360,23.6237,0.0656,0.0604,0.0717
1250,gate_up_proj,360,37.3965,0.1039,0.1004,0.1075
1250,mlp,360,69.2511,0.1924,0.1874,0.1987
1250,o_proj,360,14.8644,0.0413,0.0389,0.0440
1250,qkv_proj,360,14.5664,0.0405,0.0379,0.0676
1260,attn,360,192.4362,0.5345,0.5171,0.8264
1260,attn_kernel,360,156.6116,0.4350,0.4188,0.6881
1260,down_proj,360,23.5551,0.0654,0.0604,0.0717
1260,gate_up_proj,360,37.4743,0.1041,0.0993,0.1075
1260,mlp,360,69.2419,0.1923,0.1864,0.1987
1260,o_proj,360,14.8337,0.0412,0.0389,0.0440
1260,qkv_proj,360,14.5654,0.0405,0.0379,0.0686
1270,attn,360,192.3359,0.5343,0.5171,0.8212
1270,attn_kernel,360,156.5215,0.4348,0.4198,0.6820
1270,down_proj,360,23.5837,0.0655,0.0594,0.0727
1270,gate_up_proj,360,37.4917,0.1041,0.1004,0.1075
1270,mlp,360,69.3064,0.1925,0.1874,0.1987
1270,o_proj,360,14.8541,0.0413,0.0379,0.0440
1270,qkv_proj,360,14.5705,0.0405,0.0379,0.0707
1280,attn,360,192.5120,0.5348,0.5161,0.8387
1280,attn_kernel,360,156.6802,0.4352,0.4198,0.6963
1280,down_proj,360,23.5858,0.0655,0.0594,0.0717
1280,gate_up_proj,360,37.4467,0.1040,0.1004,0.1075
1280,mlp,360,69.2582,0.1924,0.1874,0.1987
1280,o_proj,360,14.8152,0.0412,0.0389,0.0440
1280,qkv_proj,360,14.5705,0.0405,0.0379,0.0717
