iter,type,batch_size,num_tokens,max_seq_len,t_start_ms,t_end_ms,duration_ms
0,prefill,1,8192,8193,0.0,541.549,541.549
1,prefill,1,8192,16385,543.139,564.958,21.819
2,prefill,1,8192,24577,565.988,577.116,11.128
3,prefill,1,8192,32769,1216.429,1228.255,11.826
4,prefill,2,8192,38240,2124.557,4271.723,2147.166
5,prefill,1,8192,10914,4273.484,4285.451,11.968
6,prefill,1,8192,19106,4867.52,4879.692,12.172
7,prefill,2,8192,24152,4880.62,4891.734,11.114
8,prefill,1,8192,11339,5614.017,5625.56,11.543
9,prefill,2,8192,16605,6498.948,6510.551,11.603
10,prefill,1,8192,11119,6893.052,6904.853,11.801
11,prefill,1,8192,19311,8043.179,8055.416,12.237
12,prefill,2,8192,24960,8056.249,8067.292,11.042
13,prefill,1,8192,10736,8802.545,8814.243,11.698
14,prefill,1,8192,18928,9731.81,9743.455,11.645
15,prefill,2,8192,20098,10111.2,10122.536,11.336
16,prefill,1,8192,15215,10863.585,10875.49,11.905
17,prefill,2,8192,22890,11503.123,11514.703,11.58
18,prefill,1,8192,8710,12025.549,12037.711,12.162
19,prefill,1,8192,16902,13003.613,13015.749,12.136
20,prefill,1,8192,25094,13337.169,13348.551,11.382
21,prefill,2,8192,30239,14038.274,14049.837,11.563
22,prefill,1,8192,11240,14968.809,14980.553,11.744
23,prefill,2,8192,15170,15978.773,15990.933,12.159
24,prefill,1,8192,12455,16354.693,16366.782,12.089
25,prefill,1,8192,20647,17026.782,17038.626,11.844
26,prefill,2,8192,23654,17480.781,17492.6,11.819
27,prefill,1,8192,13378,18285.466,18297.241,11.776
28,prefill,1,8192,21570,19050.89,19062.605,11.715
29,prefill,2,8192,24318,19504.75,19516.501,11.751
30,prefill,1,8192,13637,20335.829,20348.071,12.242
31,prefill,2,8192,15608,21103.81,21115.877,12.068
32,prefill,1,8192,14414,21556.956,21568.732,11.776
33,prefill,2,8192,20149,22178.612,22190.433,11.822
34,prefill,1,8192,10650,22690.994,22702.875,11.881
35,prefill,1,8192,18842,23519.277,23530.956,11.679
36,prefill,1,8192,27034,23908.754,23920.644,11.89
37,prefill,2,8192,28533,24661.963,24673.797,11.834
38,prefill,1,8192,14886,25647.194,25658.729,11.534
39,prefill,2,8192,17574,26400.271,26412.156,11.885
40,prefill,2,8192,11431,26872.759,26884.265,11.505
41,prefill,1,8192,10459,27539.774,27551.415,11.641
42,prefill,1,8192,18651,28032.553,28043.642,11.089
43,prefill,1,8192,26843,28454.603,28466.349,11.747
44,prefill,1,8192,35035,29205.847,29218.005,12.158
45,prefill,2,8192,36866,30189.819,30201.639,11.82
46,prefill,1,8192,14554,31404.249,31415.926,11.677
47,prefill,2,8192,15919,32276.933,32288.746,11.813
48,prefill,1,8192,15020,32706.716,32718.613,11.897
49,prefill,2,8192,18941,33323.561,33335.23,11.669
50,prefill,1,8192,12464,33854.076,33866.167,12.091
51,prefill,2,8192,17960,34598.083,34609.691,11.608
52,prefill,1,8192,10889,35037.412,35049.416,12.004
53,prefill,2,8192,15629,35820.568,35832.636,12.068
54,prefill,1,8192,11645,36213.829,36225.702,11.873
55,prefill,2,8192,13981,36911.443,36923.023,11.579
56,prefill,1,8192,14049,37345.716,37357.608,11.892
57,prefill,1,8192,22241,37962.088,37973.042,10.954
58,prefill,2,8192,27540,38470.052,38481.729,11.677
59,prefill,1,8192,11086,39325.959,39337.798,11.839
60,prefill,1,8192,19278,40301.999,40313.672,11.674
61,prefill,1,8192,27470,40687.832,40699.722,11.89
62,prefill,2,8192,31715,41461.385,41473.25,11.865
63,prefill,1,8192,12140,42467.444,42479.149,11.705
64,prefill,1,8192,20332,43456.231,43467.302,11.071
65,prefill,2,8192,25982,43852.03,43863.871,11.841
66,prefill,1,8192,10735,44655.876,44667.757,11.881
67,prefill,1,8192,18927,45626.704,45637.768,11.063
68,prefill,2,8192,24564,46001.163,46013.037,11.874
69,prefill,1,8192,10748,46763.878,46775.733,11.855
70,prefill,1,8192,18940,47699.725,47710.801,11.076
71,prefill,1,8192,27132,48080.915,48092.643,11.728
72,prefill,2,8192,30352,48843.865,48855.53,11.666
73,prefill,1,8192,13165,49842.401,49854.373,11.973
74,prefill,2,8192,17485,50744.093,50755.737,11.644
75,prefill,1,8192,12065,51166.567,51178.48,11.913
76,prefill,1,8192,20257,51902.059,51913.567,11.508
77,prefill,2,8192,24980,52334.624,52346.456,11.833
78,prefill,1,8192,11662,53138.931,53150.828,11.898
79,prefill,2,8192,15284,54018.386,54030.027,11.641
80,prefill,1,8192,12763,54427.202,54439.019,11.816
81,prefill,1,8192,20955,55103.067,55114.991,11.924
82,prefill,1,8192,29147,55567.404,55579.289,11.886
83,prefill,1,1402,30549,56393.024,56405.041,12.017
84,decode,30,32,30550,57451.04,57453.26,2.22
85,prefill,1,8192,8193,57744.684,57756.958,12.274
86,prefill,1,8192,16385,57758.199,57769.313,11.115
87,prefill,1,8192,24577,58194.972,58206.875,11.903
88,prefill,1,8192,32769,58891.499,58903.192,11.693
89,prefill,2,8192,34050,59819.503,59831.372,11.869
90,prefill,1,3970,10882,60981.306,60993.111,11.805
91,decode,32,32,10883,61693.112,61693.571,0.458
92,prefill,1,8192,8193,61904.538,61915.638,11.1
93,prefill,1,8192,16385,61919.94,61931.107,11.167
94,prefill,1,8192,24577,62373.324,62385.434,12.11
95,prefill,1,8192,32769,63068.637,63080.539,11.902
96,prefill,1,6436,39205,63999.289,64011.091,11.801
97,decode,33,40,39206,65161.678,65163.015,1.336
98,prefill,1,8192,8193,66284.676,66295.955,11.279
99,prefill,1,8192,16385,66311.768,66323.335,11.567
100,prefill,2,8192,19272,66761.953,66773.549,11.596
101,prefill,1,8192,13498,67460.025,67471.872,11.847
102,prefill,1,4479,17977,68186.673,68198.525,11.852
103,decode,35,40,17978,68653.312,68653.868,0.556
104,decode,35,40,7844,69123.738,69124.223,0.485
105,decode,35,40,7845,69143.868,69144.318,0.45
106,decode,35,40,7846,69171.093,69171.523,0.43
107,decode,35,40,7847,69197.916,69198.33,0.414
108,decode,35,40,7848,69224.782,69225.205,0.423
109,decode,35,40,7849,69251.618,69252.042,0.424
110,decode,35,40,7850,69278.458,69278.886,0.429
111,decode,35,40,7851,69305.234,69305.643,0.41
112,decode,35,40,7852,69332.106,69332.516,0.41
113,decode,35,40,7853,69358.908,69359.32,0.413
114,decode,35,40,7854,69385.746,69386.172,0.427
115,decode,35,40,7855,69412.512,69412.931,0.42
116,decode,35,40,7856,69439.382,69439.794,0.413
117,decode,35,40,7857,69466.141,69466.554,0.413
118,decode,35,40,7858,69492.952,69493.37,0.418
119,decode,35,40,7859,69519.749,69520.166,0.418
120,decode,35,40,7860,69546.872,69547.292,0.42
121,decode,35,40,7861,69573.54,69573.962,0.422
122,decode,35,40,7862,69600.459,69600.879,0.42
123,decode,35,40,7863,69627.346,69627.754,0.409
124,decode,35,40,7864,69654.265,69654.674,0.409
125,decode,35,40,7865,69681.178,69681.59,0.412
126,decode,35,40,7866,69708.033,69708.441,0.408
127,decode,35,40,7867,69734.939,69735.346,0.407
128,decode,35,40,7868,69761.96,69762.379,0.419
129,decode,35,40,7869,69788.685,69789.104,0.418
130,decode,35,40,7870,69815.647,69816.068,0.421
131,decode,35,40,7871,69842.571,69842.992,0.421
132,decode,35,40,7872,69869.491,69869.908,0.417
133,decode,35,40,7873,69896.263,69896.671,0.408
134,decode,35,40,7874,69923.231,69923.639,0.408
135,decode,35,40,7875,69950.388,69950.799,0.411
136,decode,35,40,7876,69977.12,69977.53,0.409
137,decode,35,40,7877,70003.98,70004.405,0.425
138,decode,35,40,7878,70031.062,70031.475,0.414
139,decode,35,40,7879,70058.402,70058.816,0.414
140,decode,35,40,7880,70085.666,70086.085,0.419
141,decode,35,40,7881,70112.643,70113.063,0.42
142,decode,35,40,7882,70139.743,70140.162,0.419
143,decode,35,40,7883,70166.924,70167.336,0.412
144,decode,35,40,7884,70194.046,70194.451,0.405
145,decode,35,40,7885,70221.051,70221.461,0.41
146,decode,35,40,7886,70248.306,70248.713,0.407
147,decode,35,40,7887,70275.277,70275.684,0.408
148,decode,35,40,7888,70302.359,70302.776,0.417
149,decode,35,40,7889,70329.391,70329.808,0.417
150,decode,35,40,7890,70356.448,70356.867,0.418
151,decode,35,40,7891,70383.494,70383.913,0.419
152,decode,35,40,7892,70410.547,70410.969,0.422
153,decode,35,40,7893,70437.56,70437.981,0.421
154,decode,35,40,7894,70464.541,70464.956,0.415
155,decode,35,40,7895,70491.479,70491.897,0.418
156,decode,35,40,7896,70518.55,70518.969,0.419
157,decode,35,40,7897,70545.591,70546.012,0.421
158,decode,35,40,7898,70572.626,70573.042,0.416
159,decode,35,40,7899,70599.548,70599.966,0.418
160,decode,35,40,7900,70626.626,70627.043,0.417
161,decode,35,40,7901,70653.56,70653.974,0.414
162,decode,35,40,7902,70680.585,70681.003,0.418
163,decode,35,40,7903,70707.692,70708.111,0.419
164,decode,35,40,7904,70734.679,70735.095,0.416
165,decode,35,40,7905,70761.67,70762.084,0.414
166,decode,35,40,7906,70788.7,70789.116,0.416
167,decode,35,40,7907,70815.642,70816.058,0.416
168,decode,35,40,7908,70842.714,70843.131,0.416
169,decode,35,40,7909,70869.805,70870.238,0.432
170,decode,35,40,7910,70896.781,70897.198,0.417
171,decode,35,40,7911,70923.709,70924.126,0.417
172,decode,35,40,7912,70950.903,70951.316,0.413
173,decode,35,40,7913,70978.018,70978.434,0.417
174,decode,35,40,7914,71005.089,71005.493,0.404
175,decode,35,40,7915,71032.225,71032.63,0.404
176,decode,35,40,7916,71059.475,71059.891,0.416
177,decode,35,40,7917,71086.583,71087.0,0.416
178,decode,35,40,7918,71113.943,71114.347,0.405
179,decode,35,40,7919,71141.097,71141.502,0.405
180,decode,35,40,7920,71168.452,71168.867,0.415
181,decode,35,40,7921,71195.592,71196.01,0.418
182,decode,35,40,7922,71222.898,71223.305,0.406
183,decode,35,40,7923,71249.898,71250.304,0.406
184,decode,35,40,7924,71277.135,71277.537,0.402
185,decode,35,40,7925,71304.347,71304.752,0.405
186,decode,35,40,7926,71331.522,71331.94,0.418
187,decode,35,40,7927,71358.531,71358.958,0.427
188,decode,35,40,7928,71385.684,71386.102,0.417
189,decode,35,40,7929,71412.736,71413.151,0.416
190,decode,35,40,7930,71439.81,71440.231,0.421
191,decode,35,40,7931,71466.913,71467.317,0.404
192,decode,35,40,7932,71494.069,71494.474,0.404
193,decode,35,40,7933,71521.265,71521.668,0.403
194,decode,35,40,7934,71548.49,71548.909,0.419
195,decode,35,40,7935,71575.615,71576.04,0.425
196,decode,35,40,7936,71602.798,71603.217,0.419
197,decode,35,40,7937,71629.912,71630.326,0.413
198,decode,35,40,7938,71656.988,71657.391,0.404
199,prefill,1,8192,8193,71686.558,71697.868,11.31
200,prefill,1,8192,16385,71710.916,71722.165,11.249
201,prefill,1,8192,24577,72170.528,72182.57,12.042
202,prefill,1,8192,32769,72864.29,72876.087,11.797
203,prefill,2,8192,35741,73799.429,73810.929,11.499
204,prefill,1,8192,13413,74964.525,74976.203,11.678
205,prefill,1,8192,21605,75917.811,75929.145,11.334
206,prefill,1,8192,29797,76341.917,76353.828,11.911
207,prefill,2,8192,30320,77189.01,77200.726,11.716
208,prefill,1,8192,15862,78272.755,78284.399,11.645
209,prefill,2,8192,18108,78986.302,78997.927,11.624
210,prefill,1,8192,14139,79486.363,79498.332,11.969
211,prefill,1,8192,22331,80166.115,80177.691,11.576
212,prefill,2,8192,22449,80665.396,80677.236,11.84
213,prefill,1,8192,16267,81531.014,81542.956,11.942
214,prefill,2,8192,19058,82169.354,82181.263,11.908
215,prefill,1,8192,13594,82704.727,82716.611,11.884
216,prefill,1,8192,21786,83415.744,83427.266,11.522
217,prefill,2,8192,28917,83895.966,83909.254,13.287
218,prefill,1,8192,9254,84749.547,84761.263,11.716
219,prefill,2,8192,12638,85893.351,85905.11,11.759
220,prefill,1,8192,13001,86232.365,86244.046,11.681
221,prefill,1,8192,21193,86856.213,86867.246,11.034
222,prefill,2,8192,24562,87345.963,87357.829,11.866
223,prefill,2,8192,12962,88183.171,88194.934,11.763
224,prefill,1,8192,8247,88997.725,89009.276,11.551
225,prefill,1,8192,16439,89555.394,89566.372,10.978
226,prefill,1,8192,24631,89907.993,89920.084,12.092
227,prefill,2,8192,31222,90610.228,90621.934,11.706
228,prefill,1,8192,9794,91546.884,91558.75,11.866
229,prefill,1,8192,17986,92728.257,92739.893,11.636
230,prefill,2,8192,24475,93066.194,93078.149,11.956
231,prefill,1,8192,9896,93811.35,93823.02,11.67
232,prefill,1,8192,18088,94799.629,94811.19,11.561
233,prefill,2,8192,19312,95166.049,95177.819,11.77
234,prefill,1,8192,15161,95910.738,95922.517,11.778
235,prefill,1,8192,23353,96571.485,96582.935,11.45
236,prefill,2,8192,25293,97093.49,97105.327,11.837
237,prefill,1,8192,14445,97992.605,98004.444,11.839
238,prefill,2,8192,15875,98745.634,98757.177,11.544
239,prefill,2,8192,13378,99229.114,99240.978,11.863
240,prefill,1,8192,9770,99849.827,99861.55,11.723
241,prefill,1,8192,17962,100426.134,100437.423,11.288
242,prefill,1,8192,26154,100826.353,100838.277,11.924
243,prefill,1,8192,34346,101563.879,101575.545,11.666
244,prefill,2,8192,35955,102543.184,102554.951,11.767
245,prefill,1,8192,14776,103758.623,103770.159,11.535
246,prefill,2,8192,16773,104601.659,104613.406,11.747
247,prefill,1,8192,14388,105062.486,105074.326,11.839
248,prefill,1,8192,22580,105714.798,105726.376,11.578
249,prefill,2,8192,24504,106229.589,106241.42,11.831
250,prefill,1,8192,14461,107105.541,107117.228,11.687
251,prefill,1,8192,22653,107855.909,107867.455,11.546
252,prefill,2,8192,30469,108337.171,108348.827,11.656
253,prefill,1,8192,8569,109215.864,109227.621,11.757
254,prefill,1,8192,16761,110451.642,110463.269,11.627
255,prefill,1,8192,24953,110773.411,110785.331,11.919
256,prefill,2,8192,26563,111485.939,111497.778,11.84
257,prefill,1,8192,14775,112432.413,112444.046,11.633
258,prefill,1,8192,22967,113185.901,113197.413,11.512
259,prefill,2,8192,26392,113671.976,113683.845,11.869
260,prefill,1,8192,12960,114561.497,114573.176,11.679
261,prefill,1,8192,21152,115411.55,115423.188,11.638
262,prefill,1,8192,29344,115849.365,115861.416,12.052
263,prefill,2,8192,31809,116687.65,116699.484,11.834
264,prefill,1,4476,10204,117760.526,117772.463,11.938
265,prefill,1,8192,8193,118551.796,118563.44,11.644
266,prefill,1,8192,16385,119240.792,119252.0,11.208
267,prefill,2,8192,20707,119252.764,119263.763,10.998
268,prefill,1,8192,12063,119938.277,119950.28,12.002
269,prefill,1,8192,20255,120735.968,120747.568,11.601
270,prefill,2,8192,24533,121171.613,121183.465,11.852
271,prefill,1,8192,12107,121982.105,121993.851,11.745
272,prefill,2,8192,16964,122858.498,122870.138,11.64
273,prefill,1,8192,11528,123279.738,123291.82,12.082
274,prefill,1,8192,19720,124021.734,124033.424,11.69
275,prefill,1,61,19781,124451.157,124519.565,68.408
276,decode,33,40,19782,125246.706,125247.388,0.682
277,prefill,1,8192,8193,125283.839,125295.107,11.269
278,prefill,1,8192,16385,125303.621,125314.866,11.245
279,prefill,1,8192,24577,125757.825,125769.98,12.155
280,prefill,1,2472,27049,126457.191,126469.123,11.932
281,decode,32,32,27050,127392.878,127393.473,0.595
282,prefill,1,8192,8193,127759.476,127770.91,11.434
283,prefill,1,8192,16385,127783.6,127795.007,11.407
284,prefill,1,7543,23928,128237.277,128249.635,12.359
285,decode,32,32,23929,128939.783,128940.446,0.662
286,prefill,1,8192,8193,129825.098,129836.501,11.403
287,prefill,1,8192,16385,129846.669,129857.973,11.304
288,prefill,1,8192,24577,130301.085,130312.969,11.884
289,prefill,1,5903,30480,131000.352,131012.293,11.941
290,decode,31,32,30481,131935.367,131935.869,0.502
291,prefill,1,8192,8193,132796.32,132807.456,11.136
292,prefill,1,8192,16385,132820.937,132832.431,11.494
293,prefill,1,8192,24577,133274.682,133286.674,11.993
294,prefill,1,4663,29240,133973.386,133985.562,12.176
295,decode,31,32,29241,134909.827,134910.249,0.422
296,prefill,1,8192,8193,135587.176,135598.316,11.14
297,prefill,1,8192,16385,135610.788,135622.416,11.628
298,prefill,1,8192,24577,136065.166,136077.327,12.161
299,prefill,2,8192,26133,136765.035,136777.186,12.151
300,prefill,1,8192,14829,137699.315,137711.053,11.737
301,prefill,2,8192,17443,138441.284,138452.304,11.02
302,prefill,1,8192,13771,138932.708,138944.712,12.004
303,prefill,1,1645,15416,139616.735,139628.08,11.345
304,decode,34,40,15417,140109.141,140109.599,0.458
305,prefill,1,8192,8193,140294.849,140305.898,11.049
306,prefill,1,8192,16385,140313.409,140324.991,11.581
307,prefill,1,8192,24577,140766.372,140778.661,12.289
308,prefill,1,5840,30417,141465.764,141477.778,12.014
309,decode,35,40,30418,142401.813,142402.273,0.461
310,prefill,1,8192,8193,143255.67,143267.294,11.624
311,prefill,1,8192,16385,143281.245,143292.726,11.481
312,prefill,1,1963,18348,143735.476,143747.676,12.2
313,decode,36,40,18349,144436.207,144436.678,0.471
314,prefill,1,8192,8193,144677.916,144689.722,11.805
315,prefill,1,8192,16385,144697.675,144709.415,11.739
316,prefill,1,1467,17852,145151.578,145163.735,12.157
317,decode,37,40,17853,145851.191,145851.662,0.472
318,decode,37,40,7202,146044.775,146045.266,0.49
319,decode,37,40,7203,146064.189,146064.603,0.414
320,decode,37,40,7204,146091.987,146092.404,0.417
321,decode,37,40,7205,146119.461,146119.882,0.421
322,decode,37,40,7206,146147.089,146147.501,0.412
323,decode,37,40,7207,146174.622,146175.042,0.42
324,decode,37,40,7208,146202.158,146202.564,0.406
325,decode,37,40,7209,146229.646,146230.066,0.42
326,decode,37,40,7210,146257.215,146257.622,0.407
327,decode,37,40,7211,146284.66,146285.077,0.417
328,decode,37,40,7212,146312.222,146312.629,0.407
329,decode,37,40,7213,146339.697,146340.113,0.417
330,decode,37,40,7214,146367.277,146367.685,0.408
331,decode,37,40,7215,146394.819,146395.234,0.414
332,decode,37,40,7216,146422.404,146422.81,0.406
333,decode,37,40,7217,146450.106,146450.529,0.423
334,decode,37,40,7218,146477.597,146478.013,0.416
335,decode,37,40,7219,146505.28,146505.683,0.404
336,decode,37,40,7220,146532.895,146533.3,0.405
337,decode,37,40,7221,146560.447,146560.849,0.402
338,decode,37,40,7222,146588.08,146588.483,0.403
339,decode,37,40,7223,146615.748,146616.168,0.419
340,decode,37,40,7224,146643.398,146643.81,0.412
341,decode,37,40,7225,146670.832,146671.25,0.418
342,decode,37,40,7226,146698.435,146698.89,0.456
343,decode,37,40,7227,146726.097,146726.501,0.403
344,decode,37,40,7228,146753.635,146754.054,0.418
345,decode,37,40,7229,146781.286,146781.689,0.403
346,decode,37,40,7230,146809.02,146809.438,0.417
347,decode,37,40,7231,146836.715,146837.13,0.415
348,decode,37,40,7232,146864.429,146864.837,0.407
349,decode,37,40,7233,146892.245,146892.651,0.406
350,decode,37,40,7234,146920.021,146920.425,0.404
351,decode,37,40,7235,146947.747,146948.17,0.423
352,decode,37,40,7236,146975.468,146975.884,0.416
353,decode,37,40,7237,147003.169,147003.574,0.405
354,decode,37,40,7238,147030.946,147031.35,0.404
355,decode,37,40,7239,147058.685,147059.103,0.418
356,decode,37,40,7240,147086.403,147086.808,0.405
357,decode,37,40,7241,147114.16,147114.569,0.408
358,decode,37,40,7242,147141.947,147142.351,0.404
359,decode,37,40,7243,147169.66,147170.077,0.417
360,decode,37,40,7244,147197.491,147197.906,0.416
361,decode,37,40,7245,147225.129,147225.531,0.402
362,decode,37,40,7246,147252.867,147253.272,0.405
363,decode,37,40,7247,147280.451,147280.871,0.42
364,decode,37,40,7248,147308.167,147308.569,0.401
365,decode,37,40,7249,147335.749,147336.165,0.416
366,decode,37,40,7250,147363.428,147363.832,0.404
367,decode,37,40,7251,147391.14,147391.542,0.402
368,decode,37,40,7252,147418.796,147419.218,0.422
369,decode,37,40,7253,147446.625,147447.059,0.435
370,decode,37,40,7254,147474.297,147474.711,0.414
371,decode,37,40,7255,147501.953,147502.356,0.403
372,decode,37,40,7256,147529.655,147530.07,0.415
373,decode,37,40,7257,147557.36,147557.764,0.404
374,decode,37,40,7258,147585.058,147585.46,0.402
375,decode,37,40,7259,147612.764,147613.188,0.425
376,decode,37,40,7260,147640.531,147640.944,0.413
377,decode,37,40,7261,147668.341,147668.743,0.402
378,decode,37,40,7262,147695.966,147696.367,0.402
379,decode,37,40,7263,147723.716,147724.128,0.412
380,decode,37,40,7264,147751.665,147752.092,0.427
381,decode,37,40,7265,147779.394,147779.801,0.407
382,decode,37,40,7266,147807.285,147807.689,0.404
383,decode,37,40,7267,147835.203,147835.605,0.402
384,decode,37,40,7268,147863.015,147863.419,0.404
385,decode,37,40,7269,147890.938,147891.341,0.403
386,decode,37,40,7270,147919.473,147919.982,0.509
387,decode,37,40,7271,147946.74,147947.155,0.415
388,decode,37,40,7272,147974.605,147975.035,0.43
389,decode,37,40,7273,148002.437,148002.841,0.404
390,decode,37,40,7274,148030.352,148030.754,0.402
391,decode,37,40,7275,148058.332,148058.733,0.402
392,decode,37,40,7276,148086.168,148086.572,0.404
393,decode,37,40,7277,148114.073,148114.478,0.405
394,decode,37,40,7278,148142.001,148142.407,0.405
395,decode,37,40,7279,148169.806,148170.223,0.417
396,decode,37,40,7280,148197.657,148198.075,0.417
397,decode,37,40,7281,148225.466,148225.878,0.412
398,decode,37,40,7282,148253.372,148253.776,0.405
399,decode,37,40,7283,148281.319,148281.722,0.403
400,decode,37,40,7284,148309.177,148309.584,0.407
401,decode,37,40,7285,148336.751,148337.172,0.421
402,decode,37,40,7286,148364.554,148365.01,0.456
403,decode,37,40,7287,148392.459,148392.874,0.414
404,decode,37,40,7288,148420.312,148420.716,0.404
405,decode,37,40,7289,148448.186,148448.597,0.41
406,decode,37,40,7290,148475.996,148476.404,0.408
407,decode,37,40,7291,148503.853,148504.273,0.419
408,prefill,1,8192,8193,148533.747,148545.207,11.46
409,prefill,1,8192,16385,148559.253,148570.876,11.624
410,prefill,2,8192,20346,149020.247,149032.121,11.873
411,prefill,1,8192,12424,149715.652,149727.554,11.903
412,prefill,1,8192,20616,150495.894,150507.948,12.054
413,prefill,2,8192,24697,150940.491,150952.456,11.964
414,prefill,1,8192,12304,151761.523,151773.228,11.705
415,prefill,1,8192,20496,152617.946,152629.615,11.669
416,prefill,1,8192,28688,153050.636,153062.677,12.041
417,prefill,2,8192,33399,153866.405,153878.021,11.616
418,prefill,1,8192,11674,154919.666,154931.434,11.768
419,prefill,2,8192,17157,155983.92,155995.59,11.67
420,prefill,1,8192,10902,156371.545,156383.428,11.882
421,prefill,1,8192,19094,157135.166,157146.811,11.645
422,prefill,1,8192,27286,157547.818,157559.886,12.068
423,prefill,2,8192,30313,158323.485,158335.446,11.961
424,prefill,1,8192,13358,159334.65,159347.212,12.561
425,prefill,1,8192,21550,160225.95,160237.954,12.003
426,prefill,2,8192,23339,160655.343,160667.208,11.865
427,prefill,1,8192,14596,161502.088,161513.83,11.743
428,prefill,1,8192,22788,162226.034,162237.653,11.619
429,prefill,1,8192,30980,162717.514,162729.458,11.943
430,prefill,2,8192,35061,163599.994,163611.675,11.681
431,prefill,1,8192,12304,164716.582,164728.429,11.848
432,prefill,2,8192,13316,165766.882,165779.311,12.429
433,prefill,1,8192,15373,166160.402,166172.105,11.703
434,prefill,1,8192,23565,166764.114,166775.292,11.178
435,prefill,2,8192,27055,167312.216,167323.8,11.583
436,prefill,1,8192,12895,168216.079,168227.831,11.752
437,prefill,2,8192,16759,169094.523,169106.182,11.658
438,prefill,1,8192,12521,169521.697,169533.622,11.925
439,prefill,1,8192,20713,170227.255,170239.173,11.918
440,prefill,2,8192,26173,170688.501,170700.148,11.647
441,prefill,1,8192,10925,171511.457,171523.184,11.727
442,prefill,2,8192,18547,172472.782,172484.402,11.62
443,prefill,1,8192,8763,172864.808,172876.732,11.924
444,prefill,1,8192,16955,173736.564,173748.324,11.761
445,prefill,2,8192,21067,174087.189,174099.138,11.949
446,prefill,2,8192,11004,174808.366,174820.067,11.701
447,prefill,1,8192,9462,175597.989,175609.604,11.615
448,prefill,1,8192,17654,176091.921,176102.926,11.004
449,prefill,2,8192,19509,176488.892,176500.716,11.823
450,prefill,1,8192,14530,177217.969,177229.512,11.543
451,prefill,1,8192,22722,177899.571,177911.437,11.866
452,prefill,1,8192,30914,178408.228,178419.846,11.618
453,prefill,2,8192,34372,179288.346,179300.64,12.293
454,prefill,1,8192,12927,180402.966,180414.602,11.636
455,prefill,1,8192,21119,181400.995,181412.599,11.603
456,prefill,2,8192,25983,181802.65,181814.368,11.718
457,prefill,1,8192,11521,182636.15,182648.039,11.889
458,prefill,1,8192,19713,183564.756,183576.596,11.84
459,prefill,2,8192,26372,183966.081,183977.918,11.837
460,prefill,1,8192,9726,184757.51,184768.89,11.38
461,prefill,2,8192,11345,185807.849,185819.874,12.026
462,prefill,1,8192,14766,186162.531,186174.492,11.96
463,prefill,2,8192,21356,186748.521,186759.653,11.132
464,prefill,1,8192,9795,187289.346,187301.087,11.741
465,prefill,1,8192,17987,188199.928,188211.903,11.975
466,prefill,2,8192,23798,188569.909,188581.41,11.501
467,prefill,1,8192,10574,189312.203,189323.975,11.772
468,prefill,1,8192,18766,190239.339,190250.782,11.443
469,prefill,2,8192,24855,190627.258,190639.069,11.811
470,prefill,1,8192,10296,191394.027,191406.157,12.13
471,prefill,1,8192,18488,192367.168,192378.256,11.088
472,prefill,2,8192,19082,192740.583,192752.43,11.847
473,prefill,1,8192,15791,193496.229,193507.817,11.587
474,prefill,1,183,15974,194135.401,194147.245,11.843
475,decode,35,40,15975,194670.566,194671.283,0.717
476,decode,34,40,7015,194720.568,194721.033,0.466
477,prefill,1,8192,8193,194738.22,194749.316,11.097
478,prefill,1,8192,16385,194764.074,194775.739,11.665
479,prefill,1,8192,24577,195217.196,195229.138,11.943
480,prefill,1,8192,32769,195916.388,195927.814,11.426
481,prefill,1,4952,37721,196849.541,196861.348,11.806
482,decode,34,40,37722,198016.009,198016.464,0.455
483,prefill,1,8192,8193,198881.822,198892.948,11.126
484,prefill,1,6525,14718,198910.013,198921.321,11.308
485,decode,34,40,14719,199363.646,199364.276,0.629
486,prefill,1,8192,8193,199927.068,199938.11,11.042
487,prefill,1,8192,16385,199945.36,199956.735,11.375
488,prefill,1,8192,24577,200400.235,200412.373,12.138
489,prefill,1,1711,26288,201098.557,201110.739,12.182
490,decode,34,40,26289,202030.771,202031.234,0.463
491,prefill,1,8192,8193,202289.959,202301.052,11.092
492,prefill,1,8192,16385,202314.151,202325.316,11.166
493,prefill,1,8192,24577,202767.042,202778.906,11.864
494,prefill,1,5131,29708,203465.882,203477.797,11.915
495,decode,32,32,29709,204398.46,204399.034,0.574
496,prefill,1,8192,8193,205142.16,205153.757,11.598
497,prefill,1,8192,16385,205166.599,205177.962,11.363
498,prefill,1,8192,24577,205620.394,205632.573,12.179
499,prefill,1,3617,28194,206314.748,206326.664,11.916
500,decode,32,32,28195,207247.249,207247.644,0.395
501,prefill,1,8192,8193,207780.132,207791.716,11.584
502,prefill,1,8192,16385,207802.513,207813.787,11.274
503,prefill,1,8192,24577,208254.639,208266.604,11.966
504,prefill,1,5452,30029,208955.718,208967.49,11.773
505,decode,32,32,30030,209888.076,209888.827,0.751
506,prefill,1,8192,8193,210674.54,210687.341,12.801
507,prefill,1,8192,16385,210698.424,210709.651,11.227
508,prefill,1,8192,24577,211151.062,211163.084,12.022
509,prefill,1,8192,32769,211847.952,211859.79,11.838
510,prefill,1,6571,39340,212778.403,212790.533,12.13
511,decode,32,32,39341,213944.837,213945.375,0.538
512,prefill,1,8192,8193,215102.162,215113.797,11.636
513,prefill,1,8192,16385,215129.807,215141.038,11.232
514,prefill,1,8192,24577,215579.831,215591.867,12.036
515,prefill,1,5755,30332,216278.599,216290.594,11.995
516,decode,32,32,30333,217210.159,217210.648,0.489
517,prefill,1,8192,8193,218050.261,218061.993,11.732
518,prefill,2,8192,12381,218074.349,218085.81,11.461
519,prefill,1,8192,12197,218527.424,218539.334,11.909
520,prefill,1,5590,17787,219154.672,219165.836,11.164
521,decode,34,40,17788,219624.11,219624.673,0.562
522,prefill,1,8192,8193,220189.594,220201.359,11.765
523,prefill,1,8192,16385,220208.561,220219.945,11.384
524,prefill,1,8192,24577,220660.866,220672.718,11.852
525,prefill,1,1305,25882,221357.873,221369.747,11.874
526,decode,35,40,25883,222289.957,222290.77,0.812
527,decode,35,40,7873,222523.385,222523.839,0.454
528,decode,35,40,7874,222545.761,222546.196,0.436
529,decode,35,40,7875,222572.788,222573.222,0.434
530,decode,35,40,7876,222600.095,222600.507,0.411
531,decode,35,40,7877,222627.489,222627.907,0.418
532,decode,35,40,7878,222654.904,222655.312,0.407
533,decode,35,40,7879,222682.275,222682.681,0.406
534,decode,35,40,7880,222709.736,222710.192,0.455
535,decode,35,40,7881,222737.098,222737.502,0.404
536,decode,35,40,7882,222764.581,222764.999,0.418
537,decode,35,40,7883,222792.049,222792.453,0.404
538,decode,35,40,7884,222819.512,222819.927,0.415
539,decode,35,40,7885,222846.991,222847.394,0.403
540,decode,35,40,7886,222874.736,222875.157,0.422
541,decode,35,40,7887,222901.987,222902.398,0.41
542,decode,35,40,7888,222929.411,222929.814,0.403
543,decode,35,40,7889,222956.779,222957.197,0.417
544,decode,35,40,7890,222984.283,222984.685,0.403
545,decode,35,40,7891,223011.73,223012.148,0.418
546,decode,35,40,7892,223039.138,223039.542,0.404
547,decode,35,40,7893,223066.676,223067.097,0.421
548,decode,35,40,7894,223094.145,223094.56,0.415
549,decode,35,40,7895,223121.65,223122.07,0.42
550,decode,35,40,7896,223149.151,223149.554,0.403
551,decode,35,40,7897,223176.647,223177.067,0.42
552,decode,35,40,7898,223204.181,223204.584,0.403
553,decode,35,40,7899,223231.708,223232.129,0.421
554,decode,35,40,7900,223259.256,223259.659,0.402
555,decode,35,40,7901,223286.892,223287.296,0.404
556,decode,35,40,7902,223314.465,223314.878,0.413
557,decode,35,40,7903,223342.075,223342.483,0.407
558,decode,35,40,7904,223369.585,223370.006,0.421
559,decode,35,40,7905,223397.153,223397.555,0.402
560,decode,35,40,7906,223424.851,223425.271,0.42
561,decode,35,40,7907,223452.379,223452.784,0.405
562,decode,35,40,7908,223480.136,223480.539,0.403
563,decode,35,40,7909,223507.794,223508.218,0.424
564,decode,35,40,7910,223535.438,223535.841,0.403
565,decode,35,40,7911,223563.062,223563.474,0.411
566,decode,35,40,7912,223590.665,223591.095,0.431
567,decode,35,40,7913,223618.22,223618.624,0.404
568,decode,35,40,7914,223645.77,223646.187,0.417
569,decode,35,40,7915,223673.35,223673.76,0.411
570,decode,35,40,7916,223700.85,223701.263,0.413
571,decode,35,40,7917,223728.436,223728.841,0.406
572,decode,35,40,7918,223756.034,223756.441,0.407
573,decode,35,40,7919,223783.605,223784.022,0.417
574,decode,35,40,7920,223811.178,223811.585,0.407
575,decode,35,40,7921,223838.797,223839.214,0.417
576,decode,35,40,7922,223866.342,223866.747,0.405
577,decode,35,40,7923,223893.928,223894.337,0.409
578,decode,35,40,7924,223921.528,223921.943,0.416
579,decode,35,40,7925,223949.225,223949.628,0.403
580,decode,35,40,7926,223976.888,223977.299,0.411
581,decode,35,40,7927,224004.402,224004.811,0.408
582,decode,35,40,7928,224032.0,224032.405,0.405
583,decode,35,40,7929,224059.689,224060.103,0.414
584,decode,35,40,7930,224087.275,224087.684,0.409
585,decode,35,40,7931,224114.956,224115.359,0.404
586,decode,35,40,7932,224142.513,224142.93,0.416
587,decode,35,40,7933,224170.193,224170.598,0.405
588,decode,35,40,7934,224197.737,224198.152,0.415
589,decode,35,40,7935,224225.367,224225.769,0.402
590,decode,35,40,7936,224252.924,224253.328,0.404
591,decode,35,40,7937,224280.596,224281.019,0.423
592,decode,35,40,7938,224308.233,224308.636,0.403
593,decode,35,40,7939,224335.935,224336.34,0.405
594,decode,35,40,7940,224363.634,224364.049,0.415
595,decode,35,40,7941,224391.328,224391.731,0.404
596,decode,35,40,7942,224419.038,224419.442,0.404
597,decode,35,40,7943,224446.714,224447.132,0.418
598,decode,35,40,7944,224474.515,224474.933,0.418
599,decode,35,40,7945,224502.472,224502.886,0.414
600,decode,35,40,7946,224530.215,224530.619,0.404
601,decode,35,40,7947,224557.962,224558.369,0.407
602,decode,35,40,7948,224585.739,224586.157,0.418
603,decode,35,40,7949,224613.491,224613.91,0.419
604,decode,35,40,7950,224641.307,224641.717,0.41
605,decode,35,40,7951,224669.074,224669.48,0.406
606,decode,35,40,7952,224696.736,224697.153,0.417
607,decode,35,40,7953,224724.568,224724.99,0.422
608,decode,35,40,7954,224752.258,224752.66,0.402
609,decode,35,40,7955,224780.064,224780.492,0.428
610,decode,35,40,7956,224807.678,224808.096,0.418
611,decode,35,40,7957,224835.452,224835.868,0.416
612,decode,35,40,7958,224863.325,224863.728,0.402
613,decode,35,40,7959,224891.044,224891.447,0.404
614,prefill,1,8192,8193,224920.688,224932.458,11.77
615,prefill,1,8192,16385,224945.988,224957.38,11.391
616,prefill,1,8192,24577,225402.034,225413.935,11.901
617,prefill,1,8192,32769,226096.956,226108.906,11.95
618,prefill,2,8192,37369,227029.823,227041.596,11.773
619,prefill,1,8192,11785,228195.648,228207.415,11.766
620,prefill,1,8192,19977,229327.033,229338.73,11.697
621,prefill,1,8192,28169,229701.666,229713.582,11.916
622,prefill,2,8192,29810,230500.972,230512.97,11.998
623,prefill,1,8192,14744,231535.124,231546.933,11.809
624,prefill,2,8192,21237,232318.919,232330.416,11.497
625,prefill,1,8192,9892,232794.586,232806.529,11.943
626,prefill,2,8192,10834,233695.259,233706.865,11.606
627,prefill,1,8192,15443,234068.302,234080.218,11.916
628,prefill,1,8192,23635,234642.299,234653.272,10.973
629,prefill,1,8192,31827,235207.176,235219.071,11.894
630,prefill,1,8192,40019,236110.777,236122.601,11.823
631,prefill,2,8192,40217,237249.836,237261.541,11.705
632,prefill,1,8192,16187,238620.815,238632.572,11.757
633,prefill,2,8192,18997,239374.479,239386.168,11.689
634,prefill,1,8192,13575,239843.035,239854.919,11.884
635,prefill,1,8192,21767,240546.808,240558.363,11.555
636,prefill,2,8192,22484,241031.015,241042.843,11.827
637,prefill,1,8192,15668,241882.088,241893.605,11.517
638,prefill,1,8192,23860,242555.332,242566.397,11.065
639,prefill,1,8192,32052,243067.463,243079.314,11.851
640,prefill,2,8192,34715,243979.908,243991.464,11.555
641,prefill,1,8192,13722,245125.397,245137.01,11.613
642,prefill,2,8192,20910,246057.018,246068.025,11.007
643,prefill,1,8192,9197,246476.445,246488.341,11.895
644,prefill,1,8192,17389,247389.653,247401.269,11.616
645,prefill,2,8192,25565,247747.147,247758.991,11.844
646,prefill,1,8192,8209,248475.094,248486.956,11.863
647,prefill,2,8192,16244,249581.792,249593.517,11.725
648,prefill,1,8192,8350,249896.231,249908.097,11.866
649,prefill,1,8192,16542,250712.659,250724.115,11.457
650,prefill,1,8192,24734,251051.927,251063.833,11.906
651,prefill,2,8192,27535,251755.034,251766.805,11.771
652,prefill,1,8192,13584,252688.473,252700.194,11.721
653,prefill,2,8192,16121,253515.192,253526.762,11.57
654,prefill,1,8192,13848,253966.804,253978.749,11.945
655,prefill,1,8192,22040,254622.823,254634.358,11.535
656,prefill,2,8192,24650,255121.637,255133.542,11.905
657,prefill,2,8192,13723,255977.842,255989.575,11.732
658,prefill,1,8192,8245,256755.84,256767.469,11.63
659,prefill,2,8192,10111,257328.597,257339.593,10.996
660,prefill,1,8192,14519,257678.778,257690.584,11.806
661,prefill,1,8192,22711,258249.983,258261.038,11.055
662,prefill,1,8192,30903,258790.076,258801.995,11.919
663,prefill,2,8192,34241,259667.52,259679.222,11.702
664,prefill,1,8192,13047,260777.757,260789.455,11.698
665,prefill,2,8192,15857,261736.7,261747.705,11.004
666,prefill,1,8192,13575,262151.338,262163.488,12.15
667,prefill,2,8192,17537,262811.622,262822.627,11.005
668,prefill,1,8192,12423,263304.534,263316.558,12.024
669,prefill,1,8192,20615,264027.579,264038.56,10.981
670,prefill,2,8192,25258,264478.362,264490.369,12.007
671,prefill,1,8192,11742,265295.345,265307.188,11.844
672,prefill,1,4450,16192,266184.086,266195.256,11.171
673,decode,33,40,16193,266597.319,266597.994,0.675
674,prefill,1,8192,8193,267036.373,267047.454,11.081
675,prefill,1,8192,16385,267055.524,267066.703,11.179
676,prefill,1,6839,23224,267507.59,267519.332,11.742
677,decode,33,40,23225,268202.52,268203.138,0.618
678,prefill,1,8192,8193,268990.615,269001.695,11.079
679,prefill,1,8192,16385,269011.696,269023.136,11.441
680,prefill,1,42,16427,269462.559,269474.541,11.982
681,decode,34,40,16428,270160.709,270161.155,0.446
682,decode,33,40,8049,270195.392,270195.87,0.478
683,decode,32,32,8050,270214.544,270215.106,0.562
684,decode,31,32,8051,270240.908,270241.321,0.413
685,decode,30,32,8052,270267.014,270267.418,0.404
686,decode,29,32,8053,270292.305,270292.68,0.375
687,decode,28,32,8054,270316.722,270317.112,0.39
688,decode,27,32,8055,270340.031,270340.406,0.375
689,decode,25,32,8056,270362.864,270363.244,0.38
690,decode,24,24,8057,270384.682,270386.173,1.491
691,decode,23,24,8058,270405.84,270406.218,0.378
692,decode,23,24,8059,270426.221,270426.604,0.383
693,decode,23,24,8060,270446.157,270446.508,0.351
694,decode,23,24,8061,270466.114,270466.459,0.345
695,decode,23,24,8062,270486.115,270486.461,0.346
696,decode,23,24,8063,270506.086,270506.429,0.343
697,decode,23,24,8064,270526.071,270526.415,0.344
698,decode,23,24,8065,270546.062,270546.408,0.346
699,decode,23,24,8066,270566.104,270566.446,0.342
700,decode,23,24,8067,270586.15,270586.494,0.344
701,decode,23,24,8068,270606.017,270606.362,0.344
702,decode,23,24,8069,270626.008,270626.352,0.343
703,decode,23,24,8070,270646.006,270646.354,0.348
704,decode,23,24,8071,270666.0,270666.344,0.343
705,decode,23,24,8072,270686.007,270686.349,0.342
706,decode,23,24,8073,270706.006,270706.351,0.345
707,decode,23,24,8074,270726.0,270726.342,0.342
708,decode,23,24,8075,270746.427,270746.768,0.341
709,decode,23,24,8076,270766.439,270766.784,0.345
710,decode,23,24,8077,270786.44,270786.79,0.35
711,decode,23,24,8078,270806.46,270806.799,0.339
712,decode,23,24,8079,270826.48,270826.827,0.346
713,decode,23,24,8080,270846.492,270846.833,0.34
714,decode,23,24,8081,270866.494,270866.841,0.347
715,decode,23,24,8082,270886.527,270886.88,0.352
716,decode,23,24,8083,270906.563,270906.916,0.353
717,decode,23,24,8084,270926.618,270926.977,0.359
718,decode,23,24,8085,270946.661,270947.014,0.353
719,decode,23,24,8086,270966.711,270967.066,0.354
720,decode,23,24,8087,270986.821,270987.177,0.355
721,decode,23,24,8088,271006.781,271007.137,0.355
722,decode,23,24,8089,271026.827,271027.182,0.355
723,decode,23,24,8090,271046.896,271047.243,0.347
724,decode,23,24,8091,271066.967,271067.309,0.342
725,decode,23,24,8092,271087.023,271087.362,0.339
726,decode,23,24,8093,271107.194,271107.541,0.347
727,decode,23,24,8094,271127.376,271127.717,0.341
728,decode,23,24,8095,271147.565,271147.918,0.353
729,decode,23,24,8096,271167.775,271168.128,0.353
730,decode,23,24,8097,271187.95,271188.29,0.34
731,decode,23,24,8098,271208.118,271208.464,0.346
732,decode,23,24,8099,271228.23,271228.572,0.343
733,decode,23,24,8100,271248.369,271248.717,0.348
734,decode,23,24,8101,271268.499,271268.841,0.342
735,decode,23,24,8102,271288.624,271288.978,0.353
736,decode,23,24,8103,271308.736,271309.088,0.351
737,decode,23,24,8104,271328.833,271329.185,0.352
738,decode,23,24,8105,271348.928,271349.27,0.343
739,decode,23,24,8106,271369.044,271369.386,0.341
740,decode,23,24,8107,271389.201,271389.543,0.342
741,decode,23,24,8108,271409.226,271409.567,0.341
742,decode,23,24,8109,271429.316,271429.661,0.345
743,decode,23,24,8110,271449.387,271449.73,0.343
744,decode,23,24,8111,271469.478,271469.818,0.34
745,decode,23,24,8112,271489.64,271489.994,0.354
746,decode,23,24,8113,271509.774,271510.128,0.354
747,decode,23,24,8114,271529.925,271530.266,0.34
748,decode,23,24,8115,271550.089,271550.432,0.343
749,decode,23,24,8116,271570.233,271570.575,0.342
750,decode,23,24,8117,271590.396,271590.737,0.342
751,decode,23,24,8118,271610.548,271610.901,0.352
752,decode,23,24,8119,271630.7,271631.05,0.35
753,decode,23,24,8120,271650.897,271651.244,0.346
754,decode,23,24,8121,271671.04,271671.381,0.341
755,decode,23,24,8122,271691.186,271691.526,0.34
756,decode,23,24,8123,271711.343,271711.682,0.34
757,decode,23,24,8124,271731.507,271731.853,0.346
758,decode,23,24,8125,271751.698,271752.05,0.352
759,decode,23,24,8126,271771.895,271772.236,0.341
760,decode,23,24,8127,271792.129,271792.47,0.341
761,decode,23,24,8128,271812.244,271812.585,0.341
762,decode,23,24,8129,271832.401,271832.74,0.34
763,decode,23,24,8130,271852.581,271852.935,0.354
764,decode,23,24,8131,271872.762,271873.118,0.355
765,decode,23,24,8132,271892.932,271893.273,0.341
766,decode,23,24,8133,271913.121,271913.463,0.342
767,decode,23,24,8134,271933.289,271933.63,0.341
768,decode,23,24,8135,271953.49,271953.836,0.346
769,decode,23,24,8136,271973.691,271974.048,0.357
770,decode,23,24,8137,271993.874,271994.218,0.344
771,decode,23,24,8138,272014.077,272014.419,0.342
772,decode,23,24,8139,272034.261,272034.611,0.35
773,decode,23,24,8140,272054.505,272054.847,0.342
774,decode,23,24,8141,272074.73,272075.083,0.354
775,decode,23,24,8142,272095.003,272095.349,0.346
776,decode,23,24,8143,272115.3,272115.64,0.34
777,decode,23,24,8144,272135.656,272136.007,0.351
778,decode,3,4,4744,272157.626,272159.502,1.875
779,decode,2,2,4745,272176.101,272177.899,1.798
780,decode,1,1,3386,272185.381,272187.578,2.197
